,words,translate,frequency,ngram
0,閧,閧,1115,1
1,轤,轤,1037,1
2,枚,장,922,1
3,黷,검게 하다,640,1
4,悤,悤,635,1
5,新,새로운,492,1
6,家,집,480,1
7,販,팔다,477,1
8,打,히트,475,1
9,映,비추다,465,1
10,還,또한,465,1
11,兄,오빠,465,1
12,棚,선반,465,1
13,蝠,박쥐,465,1
14,數,번호,465,1
15,家打,홈 히트,465,2
16,打映,플레이,465,2
17,還兄,또한 형제,465,2
18,蝠數,박쥐,465,2
19,家打映,홈 플레이,465,3
20,古,고대,458,1
21,關,끄다,457,1
22,価,가전,457,1
23,關販,세관,457,2
24,出,밖,413,1
25,醫,의료,373,1
26,學,배우다,373,1
27,士,Shi,373,1
28,醫學,약,373,2
29,學士,미혼 남자,373,2
30,醫學士,의학 학사,373,3
31,過,통과하다,361,1
32,係,관계,354,1
33,関,관,263,1
34,邾,Cu,261,1
35,関係,관계,244,2
36,労,노동,201,1
37,単,단,194,1
38,能,할 수있다,193,1
39,驍,샤오,185,1
40,甃,甃,179,1
41,邩,유,178,1
42,的,의,175,1
43,男,남성,170,1
44,人,사람들,165,1
45,副,바이스,152,1
46,竄,채널,132,1
47,真,진실,122,1
48,点,포인트,117,1
49,不,하지 마라,110,1
50,用,사용하다,109,1
51,稼,Jia,109,1
52,炱,수,105,1
53,邩炱,상,105,2
54,信,편지,99,1
55,固,고체,93,1
56,邯,한단,90,1
57,車,차,89,1
58,炪,炪,89,1
59,撣,먼지,88,1
60,撣点,먼지 제거,88,2
61,谷,골짜기,84,1
62,子,아이,84,1
63,思,생각한다,83,1
64,昔,옛날,83,1
65,登,판,82,1
66,菇,버섯,82,1
67,宅,집,82,1
68,近,근처에,81,1
69,畏,무서움,80,1
70,領,칼라,77,1
71,題,질문,76,1
72,融,용해,72,1
73,以,에,71,1
74,称,달다,71,1
75,確,과연,70,1
76,目,눈,70,1
77,住,라이브,69,1
78,蓄,축적하다,67,1
79,繰,반복,67,1
80,僻,외딴,65,1
81,歓,환,64,1
82,増,증가,63,1
83,好,좋다,62,1
84,宅副,하원 대리인,59,2
85,粁,킬로미터,58,1
86,細,좋아,57,1
87,痰,담,56,1
88,知,알고있다,55,1
89,行,열,54,1
90,髢,髢,54,1
91,謔,경멸,53,1
92,連,조차,53,1
93,選,선택된,51,1
94,竝,과,50,1
95,上,의 위에,49,1
96,利,이익,49,1
97,利用,이용,49,2
98,合,결합시키다,49,1
99,目的,목적,48,2
100,典,암호,48,1
101,渉,와타루,47,1
102,渉能,Meng Neng,47,2
103,会,모임,47,1
104,返,반환,46,1
105,返信,회신,46,2
106,夏,여름,46,1
107,女,여자,45,1
108,設,취하다,45,1
109,介,설명하다,45,1
110,対,대,44,1
111,可,할 수있다,44,1
112,地,바닥,44,1
113,空,공기,44,1
114,鉱,광석,44,1
115,借,빌다,43,1
116,可能,할 수있다,43,2
117,簡,단순한,43,1
118,簡単,쉽게,43,2
119,成,만들다,42,1
120,骭,정강이,42,1
121,最,대부분,41,1
122,象,처럼,40,1
123,輸,잃다,40,1
124,楽,편하게,40,1
125,運,운,39,1
126,歌,노래,39,1
127,堕,가을,39,1
128,兎,토끼,38,1
129,対歌,対歌,38,2
130,送,포기하다,37,1
131,摸,접촉,37,1
132,髀,대퇴골,37,1
133,辜,구,37,1
134,用髀,음,37,2
135,髀領,칼라,37,2
136,男辜,남성 구,37,2
137,利用髀,활용,37,3
138,用髀領,칼라,37,3
139,利用髀領,칼라 사용,37,4
140,癖,버릇,37,1
141,定,세트,37,1
142,碧,Bi,37,1
143,規,규제,36,1
144,愛,사랑,36,1
145,為,...에 대한,36,1
146,請,부디,36,1
147,空請,무료주세요,36,2
148,鼠,쥐,36,1
149,起,에서,35,1
150,大,큰,35,1
151,在,에,35,1
152,断,단절,34,1
153,断黷,부서진,34,2
154,本,이,34,1
155,碁,Qi,34,1
156,成碁,청치,34,2
157,照,에 따르면,34,1
158,韓,한국어,34,1
159,鞫,鞫,34,1
160,庫,도서관,34,1
161,庫固,쿠구,34,2
162,業,산업,34,1
163,五,파이브,33,1
164,蔑,도말 표본,33,1
165,罪,범죄,32,1
166,焦,콜라,32,1
167,間,중에서,31,1
168,間固,마고,31,2
169,設定,설정,31,2
170,椎,척추,30,1
171,事,일,29,1
172,栓,볼트,29,1
173,栓増,Shuanzhang,29,2
174,適,적당한,29,1
175,綿,면,29,1
176,要,필요,29,1
177,一,하나,29,1
178,爪,손톱,28,1
179,奥,오,28,1
180,満,만,28,1
181,熟,중년,28,1
182,必,절대로 필요한 것,28,1
183,闕,Que,28,1
184,槐,화이,28,1
185,闕槐,Que Huai,28,2
186,使,하다,28,1
187,嫁,며느리,27,1
188,迂,원형 교차로,27,1
189,体,몸,27,1
190,攻,공격,27,1
191,轣,轣,27,1
192,良,장점,26,1
193,惰,게으른,26,1
194,鞍,안장,26,1
195,考,테스트,26,1
196,妻,아내,25,1
197,後,후방,25,1
198,腐,썩음,25,1
199,後腐,부패 후,25,2
200,短,짧은,25,1
201,夐,夐,25,1
202,稜,용마루,25,1
203,撮,촬영,25,1
204,繧,SaaS는,25,1
205,終,종료,24,1
206,滅,끄다,24,1
207,章,장,24,1
208,拶,拶,24,1
209,募,올리다,24,1
210,募歓,모집,24,2
211,己,이미,24,1
212,淑,슈,23,1
213,所,그래서,23,1
214,蜉,蜉,23,1
215,但,그러나,23,1
216,手,손,23,1
217,探,탐색,23,1
218,祐,유우,23,1
219,闢,열다,23,1
220,秘,비밀,23,1
221,僅,뿐,22,1
222,噌,베이스,22,1
223,宰,학살,22,1
224,僅噌,뿐,22,2
225,姿,모습,22,1
226,姿謔,자세,22,2
227,衿,금천구,22,1
228,複,복수,22,1
229,就,의 위에,22,1
230,以称,무게,22,2
231,生,출산하다,22,1
232,仕,공무원,22,1
233,開,열다,22,1
234,馨,신,22,1
235,系,체계,22,1
236,密,밀집한,22,1
237,秘密,비밀,22,2
238,爺,지배자,21,1
239,覚,각서,21,1
240,爺所,Yesuo,21,2
241,嬬,嬬,21,1
242,帰,귀국,21,1
243,舎,사,21,1
244,調,곡조,21,1
245,紀,징계,21,1
246,調紀,따오기,21,2
247,照出,비추다,21,2
248,蛾,나방,21,1
249,大歓,오조,21,2
250,秋,가을,21,1
251,幅,폭,21,1
252,謖,谡,21,1
253,歉,사과하다,21,1
254,近秋,가까운 가을,21,2
255,地謖,地謖,21,2
256,謖歉,謖歉,21,2
257,地謖歉,사과하다,21,3
258,城,시티,21,1
259,色,색상,21,1
260,電,전기,20,1
261,嬬電,Huadian,20,2
262,按,프레스,20,1
263,与,대,20,1
264,排,열,20,1
265,縞,줄무늬,20,1
266,最適,최적,20,2
267,呆,머무르다,20,1
268,岨,Rocky Hill,20,1
269,販出,매진,20,2
270,気,신경,20,1
271,性,섹스,19,1
272,悩,뇌,19,1
273,束,묶음,19,1
274,発,발,19,1
275,栗,밤나무,19,1
276,発栗,発栗,19,2
277,篤,확인,19,1
278,扶,도움,19,1
279,在宅,재택,19,2
280,圭,Gui,18,1
281,皐,가오,18,1
282,喫,喫,18,1
283,犯,범하다,18,1
284,畏必,두려워,18,2
285,請喫,請喫,18,2
286,請粁,부디,18,2
287,粁犯,갱 단원,18,2
288,犯罪,범죄,18,2
289,罪行,위반,18,2
290,畏関,두려워,18,2
291,関与,참여,18,2
292,畏排,공황,18,2
293,空請喫,하늘 請喫,18,3
294,空請粁,비워주세요,18,3
295,請粁犯,제발 유죄,18,3
296,粁犯罪,범죄,18,3
297,犯罪行,범죄,18,3
298,畏関与,두려워 참여,18,3
299,空請粁犯,무료 갱스터,18,4
300,請粁犯罪,죄를 지으십시오,18,4
301,粁犯罪行,범죄,18,4
302,空請粁犯罪,자유 범죄,18,5
303,請粁犯罪行,범죄를 저 지르세요,18,5
304,闇,어둠,18,1
305,称子,쇼코,18,2
306,削,절단,18,1
307,看,보기,18,1
308,機,기계,18,1
309,真黷,정말,18,2
310,呼,요구,18,1
311,隠,숨겨진,17,1
312,蟹,게,17,1
313,展,전시회,17,1
314,羨,부러워하다,17,1
315,判,판사,17,1
316,判黷,판사,17,2
317,柴,장작,17,1
318,愴,슬퍼,17,1
319,彎,굽히다,17,1
320,鞫愴,다지,17,2
321,鞫彎,굽히다,17,2
322,獣,짐승,17,1
323,狗,개,17,1
324,敷,대다,17,1
325,埼,사키,17,1
326,卒,졸업,17,1
327,副業,부업,17,2
328,埼生,埼生,17,2
329,生卒,生卒,17,2
330,卒業,졸업,17,2
331,埼生卒,埼生 졸업,17,3
332,生卒業,생 졸업,17,3
333,埼生卒業,埼生 졸업,17,4
334,窿,구멍,17,1
335,信驍,신 샤오,17,2
336,槐昔,화시,17,2
337,昔男,옛날 사람,17,2
338,返信驍,댓글,17,3
339,闕槐昔,闕槐 옛날,17,3
340,槐昔男,화이 시난,17,3
341,闕槐昔男,케 화이시 난,17,4
342,無,아니,17,1
343,夜,밤,17,1
344,年,년,17,1
345,那,그,16,1
346,硝,질산염,16,1
347,午,정오,16,1
348,亀,거북이,16,1
349,姑,이모,16,1
350,信痰,신뢰할 수 있는,16,2
351,蔑仕,미시,16,2
352,誰,WHO,16,1
353,予,주기,16,1
354,接,픽업,16,1
355,旅,여행,16,1
356,緒,실,16,1
357,一緒,함께,16,2
358,税,세,15,1
359,肘,팔꿈치,15,1
360,益,유익한,15,1
361,欲,필요,15,1
362,纒,입고,15,1
363,髞,髞,15,1
364,配,시합,15,1
365,篤稼,아츠 카,15,2
366,痴,어리석은,15,1
367,米,미터,15,1
368,破,부서진,15,1
369,堕能,가을 에너지,15,2
370,米的,쌀,15,2
371,在宅副,재택 부,15,3
372,们,그들,15,1
373,紹,Shao,14,1
374,夢,꿈,14,1
375,罪按,범죄,14,2
376,惜,동정,14,1
377,瑚,산호,14,1
378,惜瑚,시후,14,2
379,供,...에 대한,14,1
380,都,모두,14,1
381,構,구조,14,1
382,怒,성난,14,1
383,忍,견디다,14,1
384,緬,미얀마,14,1
385,帽,캡,14,1
386,遊,여행,14,1
387,勤,부지런함,14,1
388,以焦,초점을,14,2
389,焦怒,분노,14,2
390,以焦怒,분노,14,3
391,無領,칼라리스,14,2
392,団,団,13,1
393,十,십,13,1
394,畏不,畏不,13,2
395,〇,〇,13,1
396,指,방법,13,1
397,監,감독,13,1
398,粗,粗,13,1
399,外,外,13,1
400,種,種,13,1
401,家粗,家粗,13,2
402,鶴,두루미,13,1
403,達,범위,13,1
404,待,되려고,13,1
405,有,있다,13,1
406,皇,황제,13,1
407,顔,얼굴,13,1
408,世,世,13,1
409,笠,笠,12,1
410,曇,曇,12,1
411,吸,吸,12,1
412,粘,粘,12,1
413,蒙,蒙,12,1
414,石,결석,12,1
415,社,社,12,1
416,以淑,以淑,12,2
417,社団,社団,12,2
418,遅,遅,12,1
419,始,始,12,1
420,抜,抜,12,1
421,蝕,蝕,12,1
422,汝,汝,12,1
423,菱,菱,12,1
424,斯,에스,12,1
425,計,計,12,1
426,紗,실,12,1
427,哉,哉,12,1
428,呆抜,呆抜,12,2
429,抜蝕,抜蝕,12,2
430,汝利,汝利,12,2
431,知閧,知閧,12,2
432,蛾副,蛾副,12,2
433,滅探,滅探,12,2
434,体菱,体菱,12,2
435,粁斯,粁斯,12,2
436,体募,体募,12,2
437,呆抜蝕,呆抜蝕,12,3
438,汝利用,汝利用,12,3
439,体募歓,体募歓,12,3
440,動,動,12,1
441,学,学,12,1
442,辛,辛,12,1
443,迚,迚,12,1
444,辛迚,辛迚,12,2
445,迭,迭,12,1
446,折,折,12,1
447,邮,邮,12,1
448,他,他,12,1
449,囲,囲,11,1
450,急,急,11,1
451,注,注,11,1
452,笂,笂,11,1
453,青,青,11,1
454,近称,近称,11,2
455,淑闕,淑闕,11,2
456,槐固,槐固,11,2
457,青能,青能,11,2
458,淑闕槐,淑闕槐,11,3
459,闕槐固,闕槐固,11,3
460,淑闕槐固,淑闕槐固,11,4
461,畢,畢,11,1
462,嘩,嘩,11,1
463,高,高,11,1
464,栂,栂,11,1
465,蕉,蕉,11,1
466,娯,娯,11,1
467,湛,湛,11,1
468,栂蕉,栂蕉,11,2
469,設湛,設湛,11,2
470,違,違,11,1
471,件,件,11,1
472,了,了,11,1
473,邮件,邮件,11,2
474,布,布,10,1
475,堤,堤,10,1
476,即,即,10,1
477,倒,倒,10,1
478,鼓,鼓,10,1
479,闥,闥,10,1
480,堤即,堤即,10,2
481,連闥,連闥,10,2
482,若,若,10,1
483,芝,芝,10,1
484,語,語,10,1
485,港,港,10,1
486,得,得,10,1
487,錬,錬,9,1
488,牝,牝,9,1
489,話,話,9,1
490,牝適,牝適,9,2
491,活,活,9,1
492,頴,頴,9,1
493,尋,尋,9,1
494,赦,赦,9,1
495,駿,駿,9,1
496,在打,在打,9,2
497,蛾事,蛾事,9,2
498,赦覚,赦覚,9,2
499,撲,撲,9,1
500,巧,巧,9,1
501,粁巧,차오 차오,9,2
502,届,届,9,1
503,力,힘,9,1
504,来,来,9,1
505,頁,페이지,8,1
506,標,표,8,1
507,板,板,8,1
508,箆,箆,8,1
509,詳,詳,8,1
510,詳細,詳細,8,2
511,閭,루,8,1
512,追,추적,8,1
513,逅,逅,8,1
514,独,独,8,1
515,約,約,8,1
516,独思,独思,8,2
517,約束,約束,8,2
518,呆得,呆得,8,2
519,奴,奴,8,1
520,后,后,8,1
521,是,예,8,1
522,个,个,8,1
523,蹟,蹟,8,1
524,艪,태양,7,1
525,頓,중지,7,1
526,薙,薙,7,1
527,演,플레이,7,1
528,顎,顎,7,1
529,優,우수한,7,1
530,未,아니,7,1
531,経,経,7,1
532,慨,풍부한,7,1
533,初,첫,7,1
534,凸,볼록한,7,1
535,彪,비아 오,7,1
536,頓囲,頓囲,7,2
537,舎大,사 대,7,2
538,大活,大活,7,2
539,薙演,薙演,7,2
540,未経,미 거쳐,7,2
541,凸彪,凸彪,7,2
542,舎大活,사 大活,7,3
543,浸,浸,7,1
544,繋,연결,7,1
545,義,정당성,7,1
546,玉,玉,7,1
547,骭玉,骭玉,7,2
548,正,正,7,1
549,和,和,7,1
550,这,这,7,1
551,娃,아가,7,1
552,最后,마침내,7,2
553,娃们,어린이,7,2
554,韻,운,6,1
555,閭韻,윤루,6,2
556,追夏,여름을 쫓는,6,2
557,忙,바쁜,6,1
558,您,당신,6,1
559,燦,선명한,6,1
560,庇,피난처,6,1
561,皆,모두,6,1
562,毒,독,6,1
563,頻,頻,6,1
564,閉,닫기,6,1
565,馴,길들인,6,1
566,亡,몹시 괴롭히다,6,1
567,妻単,妻単,6,2
568,庇宅,망명 하우스,6,2
569,馴副,훈련자,6,2
570,庇宅副,망명 하우스 부사장,6,3
571,籍,멤버십,6,1
572,籍確,Ji Qiao,6,2
573,対迂,対迂,6,2
574,使髢,구성하다,6,2
575,存,저장,6,1
576,着,와,6,1
577,火,불,5,1
578,申,신청,5,1
579,您好,여보세요,5,2
580,输,잃다,5,1
581,入,시작하다,5,1
582,文,본문,5,1
583,击,히트,5,1
584,保,보호,5,1
585,内,내부,5,1
586,容,함유량,5,1
587,钮,단추,5,1
588,基,베이스,5,1
589,间,중에서,5,1
590,些,약간,5,1
591,想,보고 싶어,5,1
592,哈,뭐,5,1
593,喽,喽,5,1
594,输入,시작하다,5,2
595,入邮,수신 메일,5,2
596,件正,양,5,2
597,正文,본문,5,2
598,后点,백 포인트,5,2
599,点击,클릭,5,2
600,保存,저장,5,2
601,存邮,입금 메일,5,2
602,件内,이내에,5,2
603,内容,함유량,5,2
604,按钮,단추,5,2
605,哈喽,여보세요,5,2
606,输入邮,게시물 입력,5,3
607,入邮件,수신 메일,5,3
608,邮件正,메일은 긍정적입니다,5,3
609,件正文,본문,5,3
610,最后点,마지막 포인트,5,3
611,后点击,클릭 후,5,3
612,保存邮,게시물 저장,5,3
613,存邮件,메일 저장,5,3
614,邮件内,메일에서,5,3
615,件内容,함유량,5,3
616,输入邮件,메일 입력,5,4
617,入邮件正,入邮件正,5,4
618,邮件正文,邮件正文,5,4
619,最后点击,마지막 클릭,5,4
620,保存邮件,메일 저장,5,4
621,存邮件内,메일에 저장,5,4
622,邮件内容,邮件内容,5,4
623,输入邮件正,긍정적 인 메일 입력,5,5
624,入邮件正文,수신 메시지 본문,5,5
625,保存邮件内,메시지 저장,5,5
626,存邮件内容,이메일 내용 저장,5,5
627,架,틀,5,1
628,糧,곡물,5,1
629,架糧,랙 그레인,5,2
630,舎好,좋은,5,2
631,悲,슬퍼,4,1
632,迯,이인칭 대명사,4,1
633,疑,용의자,4,1
634,汀,팅,4,1
635,疑閧,疑閧,4,2
636,宿,숙소,4,1
637,宿動,宿動,4,2
638,夏連,여름 연수,4,2
639,連閧,동축,4,2
640,追夏連,추가 여름 연수,4,3
641,夏連閧,샤 리안 홍,4,3
642,追夏連閧,샤싱 샤 롄홍,4,4
643,邱,Qiu,4,1
644,吷,吷,4,1
645,値,값,4,1
646,陀,Tuo,4,1
647,週,주,4,1
648,暇,여가,4,1
649,散,뿔뿔이 흩어진,4,1
650,骼,해골,4,1
651,遡,소급,4,1
652,傳,통과하다,4,1
653,齒,이,4,1
654,拘,체포,4,1
655,柊,히 이라기,4,1
656,護,보호,4,1
657,完,끝,4,1
658,紹暇,샤오 샤,4,2
659,骼綿,해골,4,2
660,遡闢,관,4,2
661,闢傳,전기,4,2
662,学竄,배우다,4,2
663,護完,護完,4,2
664,遡闢傳,전기,4,3
665,烧,타다,4,1
666,秀,보여 주다,4,1
667,过,통과하다,4,1
668,多,많은,4,1
669,里,에,4,1
670,一个,하나,4,2
671,到,에,4,1
672,咜,咜,4,1
673,它,그것,4,1
674,捨,처분,3,1
675,鼻,코,3,1
676,椴,Linden,3,1
677,寅,음,3,1
678,納,Na,3,1
679,山,山,3,1
680,僕,나,3,1
681,齦,고무,3,1
682,杷,비파,3,1
683,番,차례,3,1
684,捨仕,Shes,3,2
685,椴碧,타이 비,3,2
686,寅益,호랑이 이익,3,2
687,兎閧,兎閧,3,2
688,齦杷,치은 비파,3,2
689,誇,자랑,3,1
690,魅,매력,3,1
691,珊,Shan,3,1
692,貴,비싼,3,1
693,冶,빙어,3,1
694,膝,무릎,3,1
695,税出,세금 아웃,3,2
696,冶無,예우,3,2
697,記,생각해 내다,3,1
698,硅,규소,3,1
699,物,물건,3,1
700,对,옳은,3,1
701,我,나는,3,1
702,发,머리,3,1
703,纸,종이,3,1
704,光,빛,3,1
705,把,놓다,3,1
706,冬,겨울,3,1
707,通,...을 통하여,3,1
708,村,마을,3,1
709,硅基,실리콘 기반,3,2
710,我们,우리,3,2
711,他们,그들,3,2
712,星,별,3,1
713,没,아니,3,1
714,已,이미,3,1
715,命,생명,3,1
716,时,시각,3,1
717,没有,아니,3,2
718,起来,일어나,3,2
719,様,님,3,1
720,下,아래에,3,1
721,传,통과하다,3,1
722,前,전에,3,1
723,去,함께 가다,3,1
724,向,...에,3,1
725,舰,배,3,1
726,受,받다,2,1
727,蛯,크리켓,2,1
728,含,와,2,1
729,品,생성물,2,1
730,焦一,이자 오,2,2
731,度,정도,2,1
732,斉,제나라,2,1
733,由,으로,2,1
734,于,에,2,1
735,理,이유,2,1
736,帝,황제,2,1
737,国,국가,2,1
738,神,하느님,2,1
739,速,速,2,1
740,碳,탄소,2,1
741,联,노동 조합,2,1
742,邦,상태,2,1
743,离,...에서,2,1
744,香,香,2,1
745,又,또한,2,1
746,银,银,2,1
747,背,뒤,2,1
748,面,표면,2,1
749,只,뿐,2,1
750,千,千,2,1
751,块,조각,2,1
752,肚,양,2,1
753,疼,고통,2,1
754,钱,钱,2,1
755,儿,아이,2,1
756,基帝,고양이 새끼,2,2
757,帝国,제국,2,2
758,碳基,탄소 기반,2,2
759,基联,베이스 유니온,2,2
760,联邦,연방,2,2
761,烧香,향을 태우다,2,2
762,象以,처럼,2,2
763,在冬,겨울에,2,2
764,冬夜,겨울 밤,2,2
765,起了,일어나,2,2
766,秀秀,Xiuxiu,2,2
767,一些,약간,2,2
768,硅基帝,시지 디,2,3
769,基帝国,베이스 제국,2,3
770,碳基联,탄소 기반 연합,2,3
771,基联邦,기본 연합,2,3
772,在冬夜,在冬夜,2,3
773,硅基帝国,실리콘 제국,2,4
774,碳基联邦,탄소 기반 연맹,2,4
775,气,가스,2,1
776,转,회전,2,1
777,温,온도,2,1
778,中,에,2,1
779,烛,양초,2,1
780,从,에서,2,1
781,已没,지나간,2,2
782,生命,생명,2,2
783,时间,시각,2,2
784,已没有,더 이상은 없어,2,3
785,科,분기,2,1
786,閭科,루크,2,2
787,界,세계,2,1
788,以領,칼라에,2,2
789,領最,가장 많이 이끌어 라,2,2
790,最記,대부분의 기억,2,2
791,以領最,가장 리드하기 위해,2,3
792,領最記,가장 많이 이끌어 라,2,3
793,以領最記,가장 염두에 두는,2,4
794,递,통과하다,2,1
795,久,久,2,1
796,递送,배달,2,2
797,送到,전송,2,2
798,庚,Geng,2,1
799,挺,대단히,2,1
800,鵜,가마우지,2,1
801,追稼,追稼,2,2
802,検,검,2,1
803,湖,호수,2,1
804,湖出,밖으로 호수,2,2
805,友,친구,2,1
806,筑,짓다,2,1
807,渓,渓,2,1
808,远,멀리,2,1
809,超,극단론자,2,1
810,云,구름,2,1
811,清,맑은,2,1
812,抽,펌프,2,1
813,比,비율,2,1
814,质,품질,2,1
815,量,금액,2,1
816,反,안티,2,1
817,下来,내려와,2,2
818,通过,으로,2,2
819,过超,위에,2,2
820,超空,슈퍼 스페이스,2,2
821,空间,우주,2,2
822,与它,그것으로,2,2
823,通过超,슈퍼,2,3
824,过超空,우주 위로,2,3
825,超空间,초 공간,2,3
826,通过超空,초 공간을 통해,2,4
827,过超空间,초 공간,2,4
828,通过超空间,초 공간을 통해,2,5
829,依,에 따르면,2,1
830,烈,강한,2,1
831,歎,한숨,2,1
832,依烈,Yilie,2,2
833,幸,럭키,2,1
834,告,알리다,2,1
835,辑,편집하다,2,1
836,提,언급하다,2,1
837,旧,旧,2,1
838,道,타오,2,1
839,次,타임스,2,1
840,干,마른,2,1
841,他知,그는 알고있다,2,2
842,知道,알고있다,2,2
843,以前,전에,2,2
844,他知道,그는 알고있다,2,3
845,勇,용감한,2,1
846,标,표,2,1
847,赚,벌다,2,1
848,挨,참다,2,1
849,战,전쟁,2,1
850,目标,目标,2,2
851,大的,대 목표,2,2
852,战舰,전함,2,2
853,斜,비스듬한,1,1
854,斜頁,비스듬한 페이지,1,2
855,貫,허비하다,1,1
856,称貫,称貫,1,2
857,頂,頂,1,1
858,鼾,鼾,1,1
859,手頂,手頂,1,2
860,頂鼾,頂鼾,1,2
861,手頂鼾,手頂鼾,1,3
862,尭,尭,1,1
863,耐,耐,1,1
864,際,際,1,1
865,等,기다림,1,1
866,耐人,인내,1,2
867,峻,峻,1,1
868,陰,음,1,1
869,以陰,以陰,1,2
870,細記,細記,1,2
871,詳細記,자세한 기,1,3
872,跨,跨,1,1
873,篠,시노,1,1
874,章斉,章斉,1,2
875,篠能,篠能,1,2
876,息,息,1,1
877,贮,贮,1,1
878,处,处,1,1
879,预,预,1,1
880,测,测,1,1
881,第,第,1,1
882,旋,旋,1,1
883,臂,팔,1,1
884,顶,상단,1,1
885,端,종료,1,1
886,恢,恢,1,1
887,复,复,1,1
888,将,将,1,1
889,须,절대로 필요한 것,1,1
890,之,의,1,1
891,建,建,1,1
892,足,足,1,1
893,够,충분히,1,1
894,宽,宽,1,1
895,隔,隔,1,1
896,带,밴드,1,1
897,形,形,1,1
898,桔,주황색,1,1
899,红,红,1,1
900,灰,灰,1,1
901,景,전망,1,1
902,显,显,1,1
903,现,现,1,1
904,灶,灶,1,1
905,边,边,1,1
906,画,画,1,1
907,两,两,1,1
908,阵,阵,1,1
909,也,也,1,1
910,情,情,1,1
911,达,범위,1,1
912,百,백,1,1
913,西,西,1,1
914,北,北,1,1
915,农,农,1,1
916,区,区,1,1
917,彩,彩,1,1
918,礼,礼,1,1
919,名,이름,1,1
920,意,意,1,1
921,娘,娘,1,1
922,补,补,1,1
923,偿,偿,1,1
924,由于,由于,1,2
925,于硅,于硅,1,2
926,基生,基生,1,2
927,生物,生物,1,2
928,物对,物对,1,2
929,对信,对信,1,2
930,信息,信息,1,2
931,息的,息的,1,2
932,的存,的存,1,2
933,存贮,存贮,1,2
934,贮和,贮和,1,2
935,和处,和处,1,2
936,处理,다루다,1,2
937,理能,理能,1,2
938,能力,能力,1,2
939,力大,力大,1,2
940,大大,大大,1,2
941,大高,大高,1,2
942,高于,高于,1,2
943,于我,于我,1,2
944,可以,할 수있다,1,2
945,以预,以预,1,2
946,预测,预测,1,2
947,测硅,测硅,1,2
948,国在,国在,1,2
949,在第,在第,1,2
950,第一,第一,1,2
951,一旋,一旋,1,2
952,旋臂,旋臂,1,2
953,臂顶,臂顶,1,2
954,顶端,顶端,1,2
955,端的,端的,1,2
956,的恢,的恢,1,2
957,恢复,恢复,1,2
958,复和,复和,1,2
959,和发,헤파,1,2
960,发展,发展,1,2
961,展将,展将,1,2
962,将是,将是,1,2
963,是神,是神,1,2
964,神速,神速,1,2
965,速的,速的,1,2
966,所以,그래서,1,2
967,以我,나처럼,1,2
968,们必,们必,1,2
969,必须,해야,1,2
970,须在,에 있어야합니다.,1,2
971,在碳,在碳,1,2
972,邦和,邦和,1,2
973,和硅,和硅,1,2
974,国之,国之,1,2
975,之间,之间,1,2
976,间建,상호 건설,1,2
977,建成,세워짐,1,2
978,成足,成足,1,2
979,足够,충분히,1,2
980,够宽,够宽,1,2
981,宽的,넓은,1,2
982,的隔,의,1,2
983,隔离,隔离,1,2
984,离带,离带,1,2
985,这些,这些,1,2
986,些娃,일부 아기,1,2
987,们在,们在,1,2
988,在烧,타고 있는,1,2
989,接着,접착,1,2
990,着他,그를 잡아,1,2
991,们又,们又,1,2
992,又烧,다시 굽기,1,2
993,烧起,확 타 오르다,1,2
994,起纸,종이 줍기,1,2
995,纸来,纸来,1,2
996,火光,불빛,1,2
997,光把,가벼운 손잡이,1,2
998,把娃,把娃,1,2
999,们的,우리의,1,2
1000,的形,的形,1,2
1001,形象,영상,1,2
1002,以桔,以桔,1,2
1003,桔红,주황색,1,2
1004,红色,빨간,1,2
1005,色在,色在,1,2
1006,夜银,나이트 실버,1,2
1007,银灰,银灰,1,2
1008,灰色,灰色,1,2
1009,色的,色的,1,2
1010,的背,뒷면,1,2
1011,背景,背景,1,2
1012,景上,景上,1,2
1013,上显,나타나다,1,2
1014,显现,나타나다,1,2
1015,现出,나타나다,1,2
1016,出来,出来,1,2
1017,这使,이것은 만든다,1,2
1018,使他,그를 보자,1,2
1019,他又,다시 그는,1,2
1020,又想,다시 생각 해봐,1,2
1021,想起,생각해 내다,1,2
1022,了那,了那,1,2
1023,那灶,나 자오,1,2
1024,灶边,스토브 측,1,2
1025,边的,边的,1,2
1026,的画,的画,1,2
1027,画面,화면,1,2
1028,他和,그는,1,2
1029,和秀,和秀,1,2
1030,秀好,秀好,1,2
1031,好过,더 나은,1,2
1032,过两,2 개 이상,1,2
1033,两年,이년,1,2
1034,年多,수년 이상,1,2
1035,后那,그 후,1,2
1036,那阵,그 버스트,1,2
1037,阵好,좋은,1,2
1038,好象,마치,1,2
1039,象就,象就,1,2
1040,就成,就成,1,2
1041,成了,되었다,1,2
1042,秀家,히데야,1,2
1043,家里,집,1,2
1044,里也,里也,1,2
1045,也通,也通,1,2
1046,通情,通情,1,2
1047,情达,情达,1,2
1048,达理,달리,1,2
1049,只要,하는 한,1,2
1050,要一,원한다,1,2
1051,一千,천,1,2
1052,千五,천 다섯,1,2
1053,五百,오백,1,2
1054,百块,백 위안,1,2
1055,块的,블록,1,2
1056,的肚,배,1,2
1057,肚疼,불평,1,2
1058,疼钱,돈 사랑,1,2
1059,西北,북서,1,2
1060,北一,기타 이치,1,2
1061,些农,이 농부들,1,2
1062,农村,농촌 지역,1,2
1063,村地,마을,1,2
1064,地区,지역,1,2
1065,区彩,지구 까이,1,2
1066,彩礼,신부 가격,1,2
1067,礼的,공손한,1,2
1068,的一,목표 한,1,2
1069,个名,이름,1,2
1070,名目,명목,1,2
1071,意思,의미,1,2
1072,思是,생각은,1,2
1073,是对,사실이다,1,2
1074,对娘,어머니,1,2
1075,娘生,어머니,1,2
1076,生女,출산하다,1,2
1077,女儿,딸,1,2
1078,儿肚,배,1,2
1079,肚子,배,1,2
1080,子疼,어린이 통증,1,2
1081,疼的,괴로운,1,2
1082,的补,보어,1,2
1083,补偿,구성하다,1,2
1084,由于硅,실리콘으로 인해,1,3
1085,于硅基,실리콘 기반,1,3
1086,硅基生,실리콘 기반,1,3
1087,基生物,기본 생물학,1,3
1088,生物对,생물학적 쌍,1,3
1089,物对信,편지하는 것,1,3
1090,对信息,정보로,1,3
1091,信息的,정보,1,3
1092,息的存,관심의 보존,1,3
1093,的存贮,저장,1,3
1094,存贮和,보관 및,1,3
1095,贮和处,저수지,1,3
1096,和处理,그리고 처리,1,3
1097,处理能,가공 에너지,1,3
1098,理能力,관리 능력,1,3
1099,能力大,능력 대,1,3
1100,力大大,강한,1,3
1101,大大高,상당히 높음,1,3
1102,大高于,훨씬 더,1,3
1103,高于我,나보다 높게,1,3
1104,于我们,우리에게,1,3
1105,可以预,예측 가능,1,3
1106,以预测,예측하기,1,3
1107,预测硅,예측 실리콘,1,3
1108,测硅基,실리콘 기반,1,3
1109,帝国在,제국은,1,3
1110,国在第,국가,1,3
1111,在第一,처음에는,1,3
1112,第一旋,첫 번째 스핀,1,3
1113,一旋臂,한 팔,1,3
1114,旋臂顶,팔 정상,1,3
1115,臂顶端,팔 상단,1,3
1116,顶端的,상단,1,3
1117,端的恢,복구 종료,1,3
1118,的恢复,회복,1,3
1119,恢复和,복구 및,1,3
1120,复和发,푸 헤파,1,3
1121,和发展,그리고 개발,1,3
1122,发展将,개발은,1,3
1123,展将是,전시회는,1,3
1124,将是神,신이 될 것이다,1,3
1125,是神速,매우 빠릅니다,1,3
1126,神速的,빠른,1,3
1127,所以我,그래서 나는,1,3
1128,以我们,우리와 함께,1,3
1129,我们必,우리는 반드시,1,3
1130,们必须,우리는 반드시,1,3
1131,必须在,있어야 해,1,3
1132,须在碳,탄소에 있어야 함,1,3
1133,在碳基,탄소 기반,1,3
1134,联邦和,연맹 및,1,3
1135,邦和硅,Banghe 실리콘,1,3
1136,和硅基,그리고 실리콘 기반,1,3
1137,帝国之,제국의,1,3
1138,国之间,국가 간,1,3
1139,之间建,사이에 구축,1,3
1140,间建成,사이에 내장,1,3
1141,建成足,내장 된 발,1,3
1142,成足够,충분히,1,3
1143,足够宽,충분히 넓다,1,3
1144,够宽的,충분히 넓다,1,3
1145,宽的隔,넓은 파티션,1,3
1146,的隔离,격리,1,3
1147,隔离带,격리 영역,1,3
1148,这些娃,이 아기들,1,3
1149,些娃们,어린이,1,3
1150,娃们在,아이들,1,3
1151,们在烧,불타고있다,1,3
1152,在烧香,불타는 향,1,3
1153,接着他,그런 다음 그는,1,3
1154,着他们,그들을 잡아,1,3
1155,他们又,그들은 다시,1,3
1156,们又烧,다시 불타다,1,3
1157,又烧起,다시 굽기,1,3
1158,烧起纸,종이 굽기,1,3
1159,起纸来,종이 줍기,1,3
1160,火光把,토치,1,3
1161,光把娃,가벼운 아기,1,3
1162,把娃们,아이들을 넣어,1,3
1163,娃们的,어린이,1,3
1164,们的形,우리의 모양,1,3
1165,的形象,이미지,1,3
1166,形象以,이미지,1,3
1167,象以桔,이주처럼,1,3
1168,以桔红,주황색,1,3
1169,桔红色,주황색,1,3
1170,红色在,빨간색,1,3
1171,色在冬,겨울의 색,1,3
1172,冬夜银,겨울밤 실버,1,3
1173,夜银灰,나이트 실버 애쉬,1,3
1174,银灰色,실버 그레이,1,3
1175,灰色的,회색,1,3
1176,色的背,다시 컬러,1,3
1177,的背景,배경,1,3
1178,背景上,배경,1,3
1179,景上显,상현 왕,1,3
1180,上显现,상단에 표시,1,3
1181,显现出,보여 주다,1,3
1182,现出来,나와,1,3
1183,这使他,이것은 그를 만든다,1,3
1184,使他又,그를 다시 만드십시오,1,3
1185,他又想,그는 다시 생각,1,3
1186,又想起,다시 기억,1,3
1187,想起了,기억,1,3
1188,起了那,그 위로,1,3
1189,了那灶,스토브,1,3
1190,那灶边,스토브의 저쪽,1,3
1191,灶边的,스토브 측,1,3
1192,边的画,사이드 페인팅,1,3
1193,的画面,사진,1,3
1194,他和秀,그와 쇼,1,3
1195,和秀秀,허 시우 슈,1,3
1196,秀秀好,Xiuxiu 좋은,1,3
1197,秀好过,보여,1,3
1198,好过两,두 개보다 낫다,1,3
1199,过两年,2 년 후,1,3
1200,两年多,2 년 이상,1,3
1201,最后那,마지막,1,3
1202,后那阵,그 후,1,3
1203,那阵好,좋아요,1,3
1204,阵好象,보인다,1,3
1205,好象就,것 같다,1,3
1206,象就成,처럼,1,3
1207,就成了,그것은된다,1,3
1208,秀秀家,Xiuxiujia,1,3
1209,秀家里,집보기,1,3
1210,家里也,집도,1,3
1211,里也通,마을 也通,1,3
1212,也通情,또한 공감,1,3
1213,通情达,인정 많은,1,3
1214,情达理,합리적,1,3
1215,只要一,딱 하나만,1,3
1216,要一千,요 천,1,3
1217,一千五,천오,1,3
1218,千五百,천오백,1,3
1219,五百块,500 위안,1,3
1220,百块的,백 위안,1,3
1221,块的肚,두툼한 배,1,3
1222,的肚疼,불평,1,3
1223,肚疼钱,복통 돈,1,3
1224,西北一,西北一,1,3
1225,北一些,약간 북쪽,1,3
1226,一些农,일부 농부,1,3
1227,些农村,일부 농촌 지역,1,3
1228,农村地,농촌 지역,1,3
1229,村地区,村地区,1,3
1230,地区彩,지역 색상,1,3
1231,区彩礼,지역 Caili,1,3
1232,彩礼的,약혼,1,3
1233,礼的一,리이,1,3
1234,的一个,的一个,1,3
1235,一个名,이름,1,3
1236,个名目,이름,1,3
1237,意思是,意思是,1,3
1238,思是对,생각이 옳다,1,3
1239,是对娘,오른쪽 어머니,1,3
1240,对娘生,어머니에게,1,3
1241,娘生女,어머니 딸,1,3
1242,生女儿,딸을 낳는다,1,3
1243,女儿肚,女儿肚,1,3
1244,儿肚子,아기 배,1,3
1245,肚子疼,복통,1,3
1246,子疼的,괴로운,1,3
1247,疼的补,疼的补,1,3
1248,的补偿,보상,1,3
1249,由于硅基,실리콘 기반,1,4
1250,于硅基生,Yu Sijisheng,1,4
1251,硅基生物,실리콘 기반 생물학,1,4
1252,基生物对,기본 쌍,1,4
1253,生物对信,생물학적 편지,1,4
1254,物对信息,物对信息,1,4
1255,对信息的,정보를 위해,1,4
1256,信息的存,信息的存,1,4
1257,息的存贮,정보 저장,1,4
1258,的存贮和,보관 및,1,4
1259,存贮和处,存贮和处,1,4
1260,贮和处理,보관 및 취급,1,4
1261,和处理能,그리고 처리 에너지,1,4
1262,处理能力,处理能力,1,4
1263,理能力大,理能力大,1,4
1264,能力大大,훌륭한 능력,1,4
1265,力大大高,큰 힘,1,4
1266,大大高于,大大高于,1,4
1267,大高于我,나보다 훨씬 높게,1,4
1268,高于我们,우리보다 높게,1,4
1269,可以预测,예측 가능,1,4
1270,以预测硅,실리콘을 예측하려면,1,4
1271,预测硅基,실리콘 기반 예측,1,4
1272,测硅基帝,Sijidi,1,4
1273,基帝国在,기본 제국은,1,4
1274,帝国在第,최초의 제국,1,4
1275,国在第一,국가 우선,1,4
1276,在第一旋,在第一旋,1,4
1277,第一旋臂,첫 번째 팔,1,4
1278,一旋臂顶,상단,1,4
1279,旋臂顶端,旋臂顶端,1,4
1280,臂顶端的,팔 꼭대기,1,4
1281,顶端的恢,최고 회복,1,4
1282,端的恢复,복구 종료,1,4
1283,的恢复和,복구 및,1,4
1284,恢复和发,恢复和发,1,4
1285,复和发展,복잡한 개발,1,4
1286,和发展将,和发展将,1,4
1287,发展将是,개발은,1,4
1288,展将是神,전시는 신이 될 것이다,1,4
1289,将是神速,将是神速,1,4
1290,是神速的,매우 빠릅니다,1,4
1291,所以我们,所以我们,1,4
1292,以我们必,그래서 우리는,1,4
1293,我们必须,우리는 반드시,1,4
1294,们必须在,们必须在,1,4
1295,必须在碳,必须在碳,1,4
1296,须在碳基,탄소 기반이어야 함,1,4
1297,在碳基联,탄소 기반 연합,1,4
1298,基联邦和,基联邦和,1,4
1299,联邦和硅,연합과 실리콘,1,4
1300,邦和硅基,Banghe 실리콘,1,4
1301,和硅基帝,Sijidi,1,4
1302,基帝国之,基帝国之,1,4
1303,帝国之间,帝国之间,1,4
1304,国之间建,국가 간,1,4
1305,之间建成,之间建成,1,4
1306,间建成足,间建成足,1,4
1307,建成足够,建成足够,1,4
1308,成足够宽,成足够宽,1,4
1309,足够宽的,충분히 넓다,1,4
1310,够宽的隔,충분히 넓다,1,4
1311,宽的隔离,宽的隔离,1,4
1312,的隔离带,격리 영역,1,4
1313,这些娃们,这些娃们,1,4
1314,些娃们在,이 아이들이 여기 있습니다,1,4
1315,娃们在烧,娃们在烧,1,4
1316,们在烧香,们在烧香,1,4
1317,接着他们,接着他们,1,4
1318,着他们又,着他们又,1,4
1319,他们又烧,他们又烧,1,4
1320,们又烧起,다시 불타,1,4
1321,又烧起纸,又烧起纸,1,4
1322,烧起纸来,烧起纸来,1,4
1323,火光把娃,火光把娃,1,4
1324,光把娃们,그냥 아이들을 넣어,1,4
1325,把娃们的,아이들의,1,4
1326,娃们的形,娃们的形,1,4
1327,们的形象,们的形象,1,4
1328,的形象以,的形象以,1,4
1329,形象以桔,形象以桔,1,4
1330,象以桔红,오렌지처럼,1,4
1331,以桔红色,주황색,1,4
1332,桔红色在,주황색,1,4
1333,红色在冬,红色在冬,1,4
1334,色在冬夜,色在冬夜,1,4
1335,在冬夜银,在冬夜银,1,4
1336,冬夜银灰,겨울밤 은재,1,4
1337,夜银灰色,夜银灰色,1,4
1338,银灰色的,银灰色的,1,4
1339,灰色的背,그레이 백,1,4
1340,色的背景,色的背景,1,4
1341,的背景上,배경에,1,4
1342,背景上显,背景上显,1,4
1343,景上显现,그 장면에서,1,4
1344,上显现出,에 표시,1,4
1345,显现出来,显现出来,1,4
1346,这使他又,这使他又,1,4
1347,使他又想,使他又想,1,4
1348,他又想起,그는 기억했다,1,4
1349,又想起了,又想起了,1,4
1350,想起了那,기억했다,1,4
1351,起了那灶,起了那灶,1,4
1352,了那灶边,스토브 옆,1,4
1353,那灶边的,那灶边的,1,4
1354,灶边的画,스토브로 그림 그리기,1,4
1355,边的画面,边的画面,1,4
1356,他和秀秀,他和秀秀,1,4
1357,和秀秀好,和秀秀好,1,4
1358,秀秀好过,Xiuxiu가 더 낫다,1,4
1359,秀好过两,둘보다 더 잘 보여,1,4
1360,好过两年,2 년 이상,1,4
1361,过两年多,2 년 이상,1,4
1362,最后那阵,마지막 하나,1,4
1363,后那阵好,后那阵好,1,4
1364,那阵好象,那阵好象,1,4
1365,阵好象就,阵好象就,1,4
1366,好象就成,好象就成,1,4
1367,象就成了,象就成了,1,4
1368,秀秀家里,秀秀家里,1,4
1369,秀家里也,秀家里也,1,4
1370,家里也通,家里也通,1,4
1371,里也通情,里也通情,1,4
1372,也通情达,也通情达,1,4
1373,通情达理,합리적,1,4
1374,只要一千,只要一千,1,4
1375,要一千五,要一千五,1,4
1376,一千五百,"1,500",1,4
1377,千五百块,천오백 위안,1,4
1378,五百块的,五百块的,1,4
1379,百块的肚,百块的肚,1,4
1380,块的肚疼,块的肚疼,1,4
1381,的肚疼钱,복통 돈,1,4
1382,西北一些,북서쪽,1,4
1383,北一些农,북부의 일부 농부,1,4
1384,一些农村,一些农村,1,4
1385,些农村地,些农村地,1,4
1386,农村地区,农村地区,1,4
1387,村地区彩,村地区彩,1,4
1388,地区彩礼,지구 약혼,1,4
1389,区彩礼的,지구 추첨,1,4
1390,彩礼的一,신부 가격 중 하나,1,4
1391,礼的一个,예의 바른,1,4
1392,的一个名,이름,1,4
1393,一个名目,이름,1,4
1394,意思是对,올바른 의미,1,4
1395,思是对娘,생각은 어머니에게,1,4
1396,是对娘生,是对娘生,1,4
1397,对娘生女,对娘生女,1,4
1398,娘生女儿,어머니 딸,1,4
1399,生女儿肚,딸을 낳는다,1,4
1400,女儿肚子,女儿肚子,1,4
1401,儿肚子疼,儿肚子疼,1,4
1402,肚子疼的,肚子疼的,1,4
1403,子疼的补,子疼的补,1,4
1404,疼的补偿,疼的补偿,1,4
1405,由于硅基生,실리콘 기반,1,5
1406,于硅基生物,실리콘 기반 생물학,1,5
1407,硅基生物对,실리콘 기반 생물학적 쌍,1,5
1408,基生物对信,기초 생물학,1,5
1409,生物对信息,生物对信息,1,5
1410,物对信息的,정보에의 것,1,5
1411,对信息的存,对信息的存,1,5
1412,信息的存贮,정보 저장,1,5
1413,息的存贮和,정보 저장 및,1,5
1414,的存贮和处,보관 및 폐기,1,5
1415,存贮和处理,存贮和处理,1,5
1416,贮和处理能,저장 및 처리 에너지,1,5
1417,和处理能力,그리고 처리 능력,1,5
1418,处理能力大,큰 처리 용량,1,5
1419,理能力大大,관리 능력,1,5
1420,能力大大高,뛰어난 능력,1,5
1421,力大大高于,훨씬 더,1,5
1422,大大高于我,나보다 훨씬 높게,1,5
1423,大高于我们,우리보다 훨씬 더,1,5
1424,可以预测硅,可以预测硅,1,5
1425,以预测硅基,以预测硅基,1,5
1426,预测硅基帝,Sijidi 예측,1,5
1427,测硅基帝国,실리콘 제국,1,5
1428,硅基帝国在,실리콘 엠파이어는,1,5
1429,基帝国在第,基帝国在第,1,5
1430,帝国在第一,제국은 1 위,1,5
1431,国在第一旋,国在第一旋,1,5
1432,在第一旋臂,在第一旋臂,1,5
1433,第一旋臂顶,첫 번째 팔 상단,1,5
1434,一旋臂顶端,한쪽 팔 상단,1,5
1435,旋臂顶端的,팔 꼭대기,1,5
1436,臂顶端的恢,팔 꼭대기에서 회복,1,5
1437,顶端的恢复,최고 회복,1,5
1438,端的恢复和,端的恢复和,1,5
1439,的恢复和发,복구 및 개발,1,5
1440,恢复和发展,복구 및 개발,1,5
1441,复和发展将,Fuhe 개발은,1,5
1442,和发展将是,그리고 개발은,1,5
1443,发展将是神,개발은 신이 될 것입니다,1,5
1444,展将是神速,전시회는 매우 빠릅니다,1,5
1445,将是神速的,매우 빠를 것입니다,1,5
1446,所以我们必,所以我们必,1,5
1447,以我们必须,그래서 우리는,1,5
1448,我们必须在,우리는,1,5
1449,们必须在碳,우리는 탄소에 있어야합니다,1,5
1450,必须在碳基,탄소 기반이어야 함,1,5
1451,须在碳基联,탄소 기반 조합,1,5
1452,在碳基联邦,在碳基联邦,1,5
1453,碳基联邦和,탄소 기반 연맹 및,1,5
1454,基联邦和硅,基联邦和硅,1,5
1455,联邦和硅基,연방 및 실리콘 기반,1,5
1456,邦和硅基帝,방헤 시지 디,1,5
1457,和硅基帝国,和硅基帝国,1,5
1458,硅基帝国之,실리콘 제국,1,5
1459,基帝国之间,기본 제국 사이,1,5
1460,帝国之间建,제국 사이에 건설,1,5
1461,国之间建成,국가간에 구축,1,5
1462,之间建成足,사이에 구축,1,5
1463,间建成足够,충분한 공간,1,5
1464,建成足够宽,충분히 넓게 구축,1,5
1465,成足够宽的,충분히 넓다,1,5
1466,足够宽的隔,足够宽的隔,1,5
1467,够宽的隔离,충분한 격리,1,5
1468,宽的隔离带,넓은 장벽,1,5
1469,这些娃们在,이 아이들은,1,5
1470,些娃们在烧,아이들이 불타고있다,1,5
1471,娃们在烧香,아이들은 향을 피우고 있습니다,1,5
1472,接着他们又,接着他们又,1,5
1473,着他们又烧,다시 태워,1,5
1474,他们又烧起,그들은 다시 타,1,5
1475,们又烧起纸,우리는 다시 종이를 태 웠습니다,1,5
1476,又烧起纸来,종이를 다시 태워,1,5
1477,火光把娃们,불 빛,1,5
1478,光把娃们的,그냥 애들을 데려가,1,5
1479,把娃们的形,아이들을 형성하십시오,1,5
1480,娃们的形象,아이들의 이미지,1,5
1481,们的形象以,우리의 이미지는,1,5
1482,的形象以桔,이미지,1,5
1483,形象以桔红,주황색 이미지,1,5
1484,象以桔红色,오렌지처럼,1,5
1485,以桔红色在,주황색,1,5
1486,桔红色在冬,겨울에는 오렌지,1,5
1487,红色在冬夜,겨울 밤에 빨간색,1,5
1488,色在冬夜银,겨울 밤에 실버,1,5
1489,在冬夜银灰,겨울 밤에 실버 애쉬,1,5
1490,冬夜银灰色,겨울 밤 은회색,1,5
1491,夜银灰色的,은빛 밤,1,5
1492,银灰色的背,실버 그레이 백,1,5
1493,灰色的背景,회색 배경,1,5
1494,色的背景上,컬러 배경에,1,5
1495,的背景上显,배경에,1,5
1496,背景上显现,배경에 나타남,1,5
1497,景上显现出,그 장면에서,1,5
1498,上显现出来,에 표시,1,5
1499,这使他又想,다시 생각하게 만든,1,5
1500,使他又想起,다시 상기시켜,1,5
1501,他又想起了,그는 다시 기억했다,1,5
1502,又想起了那,다시 생각 해봐,1,5
1503,想起了那灶,스토브 생각,1,5
1504,起了那灶边,난로 위로,1,5
1505,了那灶边的,스토브 옆,1,5
1506,那灶边的画,난로에 의한 그림,1,5
1507,灶边的画面,스토브 사진,1,5
1508,他和秀秀好,그와 Xiuxiu는 좋다,1,5
1509,和秀秀好过,그는 Xiuxiu가 더 낫다,1,5
1510,秀秀好过两,Xiuxiu는 2보다 낫다,1,5
1511,秀好过两年,쇼는 2 년보다 낫다,1,5
1512,好过两年多,2 년 이상,1,5
1513,最后那阵好,마지막으로,1,5
1514,后那阵好象,그 후,1,5
1515,那阵好象就,그것은 것 같았다,1,5
1516,阵好象就成,배열은,1,5
1517,好象就成了,것 같다,1,5
1518,秀秀家里也,Xiuxiu의 집도,1,5
1519,秀家里也通,또한 쇼를 통해,1,5
1520,家里也通情,집에서의 사랑,1,5
1521,里也通情达,리도 수용,1,5
1522,也通情达理,또한 합리적,1,5
1523,只要一千五,천 다섯,1,5
1524,要一千五百,천오백,1,5
1525,一千五百块,"1,500 위안",1,5
1526,千五百块的,천오백,1,5
1527,五百块的肚,배 500 위안,1,5
1528,百块的肚疼,백 위안 복통,1,5
1529,块的肚疼钱,복통 돈 블록,1,5
1530,西北一些农,북서부의 일부 농부,1,5
1531,北一些农村,북부의 일부 농촌 지역,1,5
1532,一些农村地,일부 농촌 지역,1,5
1533,些农村地区,시골 지역,1,5
1534,农村地区彩,농촌 지역 색상,1,5
1535,村地区彩礼,마을 지역 추첨,1,5
1536,地区彩礼的,지역 약혼,1,5
1537,区彩礼的一,지역 Caili 최초,1,5
1538,彩礼的一个,약혼자,1,5
1539,礼的一个名,이름,1,5
1540,的一个名目,이름,1,5
1541,意思是对娘,어머니에게 의미,1,5
1542,思是对娘生,생각은 어머니에게,1,5
1543,是对娘生女,어머니에게,1,5
1544,对娘生女儿,딸을 낳는다,1,5
1545,娘生女儿肚,어머니의 딸 배,1,5
1546,生女儿肚子,딸 배를 낳으십시오,1,5
1547,女儿肚子疼,딸이 배가 아파,1,5
1548,儿肚子疼的,내 배가 아파요,1,5
1549,肚子疼的补,복통,1,5
1550,子疼的补偿,통증 보상,1,5
1551,该,그만큼,1,1
1552,自,...에서,1,1
1553,缓,느린,1,1
1554,慢,느린,1,1
1555,差,차,1,1
1556,悬,매달다,1,1
1557,殊,특별한,1,1
1558,围,둘러 싸다,1,1
1559,老,낡은,1,1
1560,师,분할,1,1
1561,躯,몸,1,1
1562,哭,울음 소리,1,1
1563,还,또한,1,1
1564,望,기대,1,1
1565,寒,춥다,1,1
1566,冷,춥다,1,1
1567,教,가르치다,1,1
1568,室,방,1,1
1569,盯,응시,1,1
1570,黑,검정,1,1
1571,蜡,밀랍,1,1
1572,管,튜브,1,1
1573,长,긴,1,1
1574,亮,선명한,1,1
1575,总,합계,1,1
1576,算,계산하다,1,1
1577,头,머리,1,1
1578,尾,꼬리,1,1
1579,该行,은행,1,2
1580,行星,행성,1,2
1581,星没,별,1,2
1582,有大,큰,1,2
1583,大气,분위기,1,2
1584,自转,회전,1,2
1585,转缓,천천히 해,1,2
1586,缓慢,느린,1,2
1587,温差,온도차,1,2
1588,差悬,차,1,2
1589,悬殊,상이,1,2
1590,们围,멘 와이,1,2
1591,围着,둘러 싸다,1,2
1592,着老,낡은,1,2
1593,老师,선생님,1,2
1594,师已,이미 선생님,1,2
1595,有生,생활,1,2
1596,命的,중대한,1,2
1597,的躯,몸,1,2
1598,躯体,몸,1,2
1599,体大,큰,1,2
1600,大哭,울음 소리,1,2
1601,哭起,울음 소리,1,2
1602,但娃,단와,1,2
1603,们还,우리는 여전히,1,2
1604,还是,여전히,1,2
1605,是有,있다,1,2
1606,有指,뾰족한,1,2
1607,指望,기대다,1,2
1608,望的,유망한,1,2
1609,那些,그것들,1,2
1610,些在,일부,1,2
1611,夜寒,밤 추위,1,2
1612,寒冷,춥다,1,2
1613,冷的,춥다,1,2
1614,的教,가르치다,1,2
1615,教室,教室,1,2
1616,室中,방에서,1,2
1617,盯着,응시,1,2
1618,着烛,양초,1,2
1619,烛光,촛불,1,2
1620,光照,조명,1,2
1621,照着,에 따르면,1,2
1622,着的,쓴,1,2
1623,的黑,블랙,1,2
1624,黑板,칠판,1,2
1625,板的,판,1,2
1626,的娃,的娃,1,2
1627,他就,그는 그냥,1,2
1628,就是,다만,1,2
1629,是那,이다,1,2
1630,那蜡,그 왁스,1,2
1631,蜡烛,양초,1,2
1632,不管,상관없이,1,2
1633,管能,튜브 에너지,1,2
1634,能点,파워 포인트,1,2
1635,点多,더,1,2
1636,多长,얼마나 오래,1,2
1637,长时,장기,1,2
1638,发出,발행물,1,2
1639,出的,아웃,1,2
1640,的光,적인 빛,1,2
1641,光有,빛,1,2
1642,有多,얼마예요,1,2
1643,多亮,얼마나 밝아,1,2
1644,他总,그는 항상,1,2
1645,总算,드디어,1,2
1646,算是,로 간주되다,1,2
1647,是从,에서,1,2
1648,从头,기스로부터,1,2
1649,头点,헤드 포인트,1,2
1650,点到,가리키다,1,2
1651,到尾,끝까지,1,2
1652,尾了,꼬리,1,2
1653,该行星,행성,1,3
1654,行星没,行星没,1,3
1655,星没有,星没有,1,3
1656,没有大,크지 않다,1,3
1657,有大气,분위기있는,1,3
1658,自转缓,느린 회전,1,3
1659,转缓慢,천천히 돌려,1,3
1660,温差悬,温差悬,1,3
1661,差悬殊,상이,1,3
1662,娃们围,주위에 아이들,1,3
1663,们围着,우리는 포위했다,1,3
1664,围着老,围着老,1,3
1665,着老师,선생님,1,3
1666,老师已,선생님은,1,3
1667,师已没,선생님이 떠났습니다,1,3
1668,没有生,출생 없음,1,3
1669,有生命,有生命,1,3
1670,生命的,인생의,1,3
1671,命的躯,시체,1,3
1672,的躯体,的躯体,1,3
1673,躯体大,큰 몸,1,3
1674,体大哭,외치는,1,3
1675,大哭起,大哭起,1,3
1676,哭起来,울음 소리,1,3
1677,但娃们,但娃们,1,3
1678,娃们还,여전히 아이들,1,3
1679,们还是,们还是,1,3
1680,还是有,여전히 가지고있다,1,3
1681,是有指,참조,1,3
1682,有指望,有指望,1,3
1683,指望的,예상,1,3
1684,那些在,그 안에,1,3
1685,些在冬,겨울에 일부,1,3
1686,冬夜寒,겨울 밤,1,3
1687,夜寒冷,추운 밤,1,3
1688,寒冷的,寒冷的,1,3
1689,冷的教,차가운 가르침,1,3
1690,的教室,'S 교실,1,3
1691,教室中,교실에서,1,3
1692,盯着烛,촛불을 응시,1,3
1693,着烛光,着烛光,1,3
1694,烛光照,烛光照,1,3
1695,光照着,조명,1,3
1696,照着的,에 따르면,1,3
1697,着的黑,검정,1,3
1698,的黑板,칠판,1,3
1699,黑板的,칠판,1,3
1700,板的娃,板的娃,1,3
1701,的娃们,的娃们,1,3
1702,他就是,그는 하나이다,1,3
1703,就是那,그게 다야,1,3
1704,是那蜡,是那蜡,1,3
1705,那蜡烛,那蜡烛,1,3
1706,不管能,도대체 무엇이,1,3
1707,管能点,에너지 포인트,1,3
1708,能点多,더 주문할 수 있습니다,1,3
1709,点多长,点多长,1,3
1710,多长时,얼마나 오래,1,3
1711,长时间,长时间,1,3
1712,发出的,발행 된,1,3
1713,出的光,出的光,1,3
1714,的光有,的光有,1,3
1715,光有多,光有多,1,3
1716,有多亮,얼마나 밝습니까,1,3
1717,他总算,他总算,1,3
1718,总算是,总算是,1,3
1719,算是从,算是从,1,3
1720,是从头,기스로부터,1,3
1721,从头点,从头点,1,3
1722,头点到,머리,1,3
1723,点到尾,끝점,1,3
1724,到尾了,끝났어,1,3
1725,该行星没,该行星没,1,4
1726,行星没有,행성 아니,1,4
1727,星没有大,星没有大,1,4
1728,没有大气,분위기 없음,1,4
1729,自转缓慢,自转缓慢,1,4
1730,温差悬殊,温差悬殊,1,4
1731,娃们围着,娃们围着,1,4
1732,们围着老,우리는 오래된 것을 둘러싼 다,1,4
1733,围着老师,围着老师,1,4
1734,着老师已,着老师已,1,4
1735,老师已没,老师已没,1,4
1736,师已没有,교사 없음,1,4
1737,已没有生,已没有生,1,4
1738,没有生命,没有生命,1,4
1739,有生命的,有生命的,1,4
1740,生命的躯,삶의 몸,1,4
1741,命的躯体,시체,1,4
1742,的躯体大,큰 몸,1,4
1743,躯体大哭,躯体大哭,1,4
1744,体大哭起,외치는,1,4
1745,大哭起来,大哭起来,1,4
1746,但娃们还,하지만 아이들은 여전히,1,4
1747,娃们还是,娃们还是,1,4
1748,们还是有,们还是有,1,4
1749,还是有指,还是有指,1,4
1750,是有指望,是有指望,1,4
1751,有指望的,有指望的,1,4
1752,那些在冬,겨울에,1,4
1753,些在冬夜,些在冬夜,1,4
1754,在冬夜寒,겨울 밤에 추워,1,4
1755,冬夜寒冷,冬夜寒冷,1,4
1756,夜寒冷的,夜寒冷的,1,4
1757,寒冷的教,寒冷的教,1,4
1758,冷的教室,冷的教室,1,4
1759,的教室中,的教室中,1,4
1760,盯着烛光,盯着烛光,1,4
1761,着烛光照,着烛光照,1,4
1762,烛光照着,烛光照着,1,4
1763,光照着的,조명,1,4
1764,照着的黑,빛나는 블랙,1,4
1765,着的黑板,着的黑板,1,4
1766,的黑板的,的黑板的,1,4
1767,黑板的娃,黑板的娃,1,4
1768,板的娃们,板的娃们,1,4
1769,他就是那,他就是那,1,4
1770,就是那蜡,就是那蜡,1,4
1771,是那蜡烛,그 촛불인가,1,4
1772,不管能点,不管能点,1,4
1773,管能点多,管能点多,1,4
1774,能点多长,얼마나 오래 걸릴 수 있습니까,1,4
1775,点多长时,얼마나 오래,1,4
1776,多长时间,얼마나 오래,1,4
1777,发出的光,방출되는 빛,1,4
1778,出的光有,出的光有,1,4
1779,的光有多,的光有多,1,4
1780,光有多亮,光有多亮,1,4
1781,他总算是,他总算是,1,4
1782,总算是从,마지막으로,1,4
1783,算是从头,算是从头,1,4
1784,是从头点,是从头点,1,4
1785,从头点到,从头点到,1,4
1786,头点到尾,끝점,1,4
1787,点到尾了,点到尾了,1,4
1788,该行星没有,행성은하지 않습니다,1,5
1789,行星没有大,행성은 크지 않다,1,5
1790,星没有大气,星没有大气,1,5
1791,娃们围着老,娃们围着老,1,5
1792,们围着老师,们围着老师,1,5
1793,围着老师已,围着老师已,1,5
1794,着老师已没,着老师已没,1,5
1795,老师已没有,老师已没有,1,5
1796,师已没有生,师已没有生,1,5
1797,已没有生命,생명이 없다,1,5
1798,没有生命的,생명이없는,1,5
1799,有生命的躯,有生命的躯,1,5
1800,生命的躯体,生命的躯体,1,5
1801,命的躯体大,큰 몸,1,5
1802,的躯体大哭,우는 몸,1,5
1803,躯体大哭起,우는 몸,1,5
1804,体大哭起来,体大哭起来,1,5
1805,但娃们还是,但娃们还是,1,5
1806,娃们还是有,아이들은 여전히,1,5
1807,们还是有指,们还是有指,1,5
1808,还是有指望,还是有指望,1,5
1809,是有指望的,是有指望的,1,5
1810,那些在冬夜,那些在冬夜,1,5
1811,些在冬夜寒,겨울 밤에 약간 추워,1,5
1812,在冬夜寒冷,겨울 밤에 추워,1,5
1813,冬夜寒冷的,추운 겨울 밤,1,5
1814,夜寒冷的教,야간 추위 교육,1,5
1815,寒冷的教室,寒冷的教室,1,5
1816,冷的教室中,추운 교실에서,1,5
1817,盯着烛光照,촛불을 바라보며,1,5
1818,着烛光照着,촛불 조명,1,5
1819,烛光照着的,烛光照着的,1,5
1820,光照着的黑,光照着的黑,1,5
1821,照着的黑板,빛나는 칠판,1,5
1822,着的黑板的,칠판의,1,5
1823,的黑板的娃,칠판에 아기,1,5
1824,黑板的娃们,칠판의 아이들,1,5
1825,他就是那蜡,他就是那蜡,1,5
1826,就是那蜡烛,그게 촛불,1,5
1827,不管能点多,不管能点多,1,5
1828,管能点多长,튜브 에너지 포인트는 얼마입니까,1,5
1829,能点多长时,얼마나 오래 주문할 수 있습니까?,1,5
1830,点多长时间,얼마나 시간이 걸려요,1,5
1831,发出的光有,发出的光有,1,5
1832,出的光有多,出的光有多,1,5
1833,的光有多亮,빛이 얼마나 밝습니까,1,5
1834,他总算是从,그는 마침내,1,5
1835,总算是从头,마지막으로 다시 시작,1,5
1836,算是从头点,재시작,1,5
1837,是从头点到,처음부터,1,5
1838,从头点到尾,처음부터 끝까지,1,5
1839,头点到尾了,끝으로 종료,1,5
1840,沓,몇 번이고,1,1
1841,功,작업,1,1
1842,址,대지,1,1
1843,永,영원히,1,1
1844,错,잘못된,1,1
1845,误,오류,1,1
1846,因,때문에,1,1
1847,此,이,1,1
1848,放,놓다,1,1
1849,弃,버려진,1,1
1850,继,수행원,1,1
1851,续,续,1,1
1852,您的,너의,1,2
1853,的邮,게시물,1,2
1854,件不,조각,1,2
1855,不能,不能,1,2
1856,能成,될 수 있습니다,1,2
1857,成功,성공,1,2
1858,功的,기능의,1,2
1859,的递,통과하다,1,2
1860,到指,손가락에,1,2
1861,指定,지정,1,2
1862,定地,고정 된 장소,1,2
1863,地址,地址,1,2
1864,这是,这是,1,2
1865,是一,하나입니다,1,2
1866,个永,个永,1,2
1867,永久,영구적 인,1,2
1868,久的,낡은,1,2
1869,的错,'S 잘못,1,2
1870,错误,오류,1,2
1871,因此,따라서,1,2
1872,此不,이건 아니야,1,2
1873,不得,안돼,1,2
1874,得不,얻을 수 없습니다,1,2
1875,不放,기다려,1,2
1876,放弃,포기하다,1,2
1877,弃继,포기 됨,1,2
1878,继续,계속하다,1,2
1879,续递,고쳐 쓰다,1,2
1880,您的邮,귀하의 게시물,1,3
1881,的邮件,s 메일,1,3
1882,邮件不,메일이 아닙니다,1,3
1883,件不能,조각은 할 수 없습니다,1,3
1884,不能成,수 없습니다,1,3
1885,能成功,能成功,1,3
1886,成功的,성공한,1,3
1887,功的递,작업 이전,1,3
1888,的递送,배달,1,3
1889,递送到,递送到,1,3
1890,送到指,보내기,1,3
1891,到指定,지정하려면,1,3
1892,指定地,지정 장소,1,3
1893,定地址,고정 주소,1,3
1894,这是一,이것은 하나입니다,1,3
1895,是一个,이다,1,3
1896,一个永,영원히,1,3
1897,个永久,个永久,1,3
1898,永久的,영구적 인,1,3
1899,久的错,긴 결함,1,3
1900,的错误,잘못,1,3
1901,因此不,따라서,1,3
1902,此不得,안돼,1,3
1903,不得不,해야,1,3
1904,得不放,기다려,1,3
1905,不放弃,不放弃,1,3
1906,放弃继,포기,1,3
1907,弃继续,弃继续,1,3
1908,继续递,계속 통과,1,3
1909,续递送,배송 계속,1,3
1910,您的邮件,귀하의 이메일,1,4
1911,的邮件不,'S 메일이 아닙니다,1,4
1912,邮件不能,메일은 할 수 없습니다,1,4
1913,件不能成,조각을 만들 수 없습니다,1,4
1914,不能成功,不能成功,1,4
1915,能成功的,성공할 수있다,1,4
1916,成功的递,성공적인 배송,1,4
1917,功的递送,전력 공급,1,4
1918,的递送到,배달 됨,1,4
1919,递送到指,배달 됨,1,4
1920,送到指定,지정된 사람에게 보냄,1,4
1921,到指定地,지정된 장소로,1,4
1922,指定地址,지정 주소,1,4
1923,这是一个,이것은,1,4
1924,是一个永,용입니다,1,4
1925,一个永久,一个永久,1,4
1926,个永久的,영구적 인,1,4
1927,永久的错,영구적 인 결함,1,4
1928,久的错误,긴 실수,1,4
1929,因此不得,따라서,1,4
1930,此不得不,나는해야한다,1,4
1931,不得不放,不得不放,1,4
1932,得不放弃,포기해야 해,1,4
1933,不放弃继,포기 하지마,1,4
1934,放弃继续,포기하고 계속,1,4
1935,弃继续递,계속 통과,1,4
1936,继续递送,继续递送,1,4
1937,您的邮件不,귀하의 메일은,1,5
1938,的邮件不能,캔트,1,5
1939,邮件不能成,메일을 보낼 수 없습니다,1,5
1940,件不能成功,조각은 성공할 수 없습니다,1,5
1941,不能成功的,실패,1,5
1942,能成功的递,能成功的递,1,5
1943,成功的递送,성공적인 배송,1,5
1944,功的递送到,작업 배달,1,5
1945,的递送到指,에 배달하다,1,5
1946,递送到指定,지정된 곳에 배달,1,5
1947,送到指定地,지정된 장소로 보냄,1,5
1948,到指定地址,지정된 주소로,1,5
1949,这是一个永,용입니다,1,5
1950,是一个永久,영구적입니다,1,5
1951,一个永久的,영구,1,5
1952,个永久的错,영구적 인 결함,1,5
1953,永久的错误,영구적 인 오류,1,5
1954,因此不得不,따라서,1,5
1955,此不得不放,이것은 넣어야합니다,1,5
1956,不得不放弃,포기해야 해,1,5
1957,得不放弃继,포기해야 해,1,5
1958,不放弃继续,포기하지 말고 계속,1,5
1959,放弃继续递,포기하고 계속,1,5
1960,弃继续递送,배송 계속,1,5
1961,墜,가을,1,1
1962,妬,질투심 많은,1,1
1963,推,푸시,1,1
1964,賞,상,1,1
1965,痛,고통,1,1
1966,叩,노크,1,1
1967,設墜,세트 펜던트,1,2
1968,設挺,設挺,1,2
1969,挺推,푸시,1,2
1970,推賞,推賞,1,2
1971,設叩,노크 설정,1,2
1972,設挺推,푸시 설정,1,3
1973,挺推賞,상당한 보상,1,3
1974,設挺推賞,設挺推賞,1,4
1975,践,연습,1,1
1976,証,증거,1,1
1977,証人,증인,1,2
1978,弾,총알,1,1
1979,当,언제,1,1
1980,便,고물,1,1
1981,吉,지,1,1
1982,謦,음,1,1
1983,軍,군,1,1
1984,致,에,1,1
1985,堅,강한,1,1
1986,蕃,부채,1,1
1987,版,버전,1,1
1988,上当,上当,1,2
1989,体渓,体渓,1,2
1990,便吉,便吉,1,2
1991,摸軍,摸軍,1,2
1992,手堅,手堅,1,2
1993,面版,패널,1,2
1994,蜒,뱀,1,1
1995,粛,粛,1,1
1996,蜒粛,粛,1,2
1997,偏,偏,1,1
1998,届確,정확한,1,2
1999,阁,법정,1,1
2000,很,대단히,1,1
2001,紧,紧,1,1
2002,遥,먼,1,1
2003,无,아니,1,1
2004,法,법,1,1
2005,太,너무,1,1
2006,代,세대,1,1
2007,谣,소문,1,1
2008,听,들리다,1,1
2009,悠,悠,1,1
2010,苍,푸른,1,1
2011,凉,멋있는,1,1
2012,遍,온통,1,1
2013,整,전부의,1,1
2014,河,강,1,1
2015,团,그룹,1,1
2016,亿,십억,1,1
2017,颗,조각,1,1
2018,恒,일정한,1,1
2019,组,组,1,1
2020,数,번호,1,1
2021,感,감각,1,1
2022,种,종,1,1
2023,消,죽이다,1,1
2024,失,잃다,1,1
2025,宁,차라리,1,1
2026,静,조용한,1,1
2027,泣,울음,1,1
2028,加,...을 더한,1,1
2029,阁下,당신의 힘,1,2
2030,们时,언제,1,2
2031,间很,시간은 매우,1,2
2032,很紧,아주 꽉 끼는,1,2
2033,紧了,빠듯한,1,2
2034,那从,그것에서,1,2
2035,从遥,콩 야오,1,2
2036,遥远,먼,1,2
2037,远得,멀리,1,2
2038,得无,아무것도 얻지 못함,1,2
2039,无法,할 수없는,1,2
2040,法想,Faxiang,1,2
2041,想象,상상,1,2
2042,象的,코끼리,1,2
2043,的太,的太,1,2
2044,太古,Taikoo,1,2
2045,古时,상대,1,2
2046,时代,연대,1,2
2047,代传,세대,1,2
2048,传下,아래로 통과,1,2
2049,来的,오는,1,2
2050,的歌,s 노래,1,2
2051,歌谣,민요,1,2
2052,谣听,소문,1,2
2053,听起,소리,1,2
2054,来悠,요 라이,1,2
2055,悠远,먼,1,2
2056,神秘,신비한,1,2
2057,苍凉,苍凉,1,2
2058,它传,퍼졌다,1,2
2059,传遍,온통 퍼져,1,2
2060,遍了,온통,1,2
2061,了整,了整,1,2
2062,整个,整个,1,2
2063,个银,은,1,2
2064,银河,은하,1,2
2065,河系,하천 시스템,1,2
2066,在这,이것에,1,2
2067,这团,이 그룹,1,2
2068,团由,임무,1,2
2069,由上,由上,1,2
2070,上千,수천,1,2
2071,千亿,수백억,1,2
2072,亿颗,십억,1,2
2073,颗恒,Keheng,1,2
2074,恒星,별,1,2
2075,星组,星组,1,2
2076,组成,组成,1,2
2077,成的,만든,1,2
2078,的星,으로 별,1,2
2079,星云,星云,1,2
2080,云中,클라우드에서,1,2
2081,数不,셀 수 없는,1,2
2082,不清,불명확,1,2
2083,清的,清的,1,2
2084,的生,초점 생,1,2
2085,命感,운명,1,2
2086,感到,느낌,1,2
2087,到了,도착,1,2
2088,了一,ㅏ,1,2
2089,一种,종류,1,2
2090,种久,오랫동안 심기,1,2
2091,久已,장기,1,2
2092,已消,제거됨,1,2
2093,消失,사라지다,1,2
2094,失的,잃어버린,1,2
2095,的温,목표 온도,1,2
2096,温馨,따뜻한,1,2
2097,馨和,신허,1,2
2098,和宁,和宁,1,2
2099,宁静,평화로운,1,2
2100,们抽,우리는 담배,1,2
2101,抽泣,흐느껴 우는,1,2
2102,泣着,울음,1,2
2103,着背,뒤,1,2
2104,背了,뒤,1,2
2105,了起,일어나서,1,2
2106,个物,성격,1,2
2107,物体,목적,1,2
2108,体的,몸으로,1,2
2109,的加,的加,1,2
2110,加速,加速,1,2
2111,速度,速度,1,2
2112,它所,它所,1,2
2113,所受,所受,1,2
2114,受的,受的,1,2
2115,的力,힘,1,2
2116,力成,力成,1,2
2117,成正,成正,1,2
2118,正比,正比,1,2
2119,它的,이것의,1,2
2120,的质,품질,1,2
2121,质量,품질,1,2
2122,量成,量成,1,2
2123,成反,成反,1,2
2124,反比,反比,1,2
2125,我们时,우리 시간,1,3
2126,们时间,우리 시간,1,3
2127,时间很,时间很,1,3
2128,间很紧,아주 꽉 끼는,1,3
2129,很紧了,아주 꽉 끼는,1,3
2130,那从遥,那从遥,1,3
2131,从遥远,멀리에서왔다,1,3
2132,遥远得,遥远得,1,3
2133,远得无,멀리,1,3
2134,得无法,캔트,1,3
2135,无法想,생각할 수 없다,1,3
2136,法想象,프랑스 상상력,1,3
2137,想象的,상상력,1,3
2138,象的太,코끼리도,1,3
2139,的太古,Taikoo,1,3
2140,太古时,太古时,1,3
2141,古时代,古时代,1,3
2142,时代传,时代传,1,3
2143,代传下,代传下,1,3
2144,传下来,传下来,1,3
2145,下来的,下来的,1,3
2146,来的歌,오는 노래,1,3
2147,的歌谣,的歌谣,1,3
2148,歌谣听,歌谣听,1,3
2149,谣听起,소문,1,3
2150,听起来,听起来,1,3
2151,起来悠,起来悠,1,3
2152,来悠远,来悠远,1,3
2153,它传遍,它传遍,1,3
2154,传遍了,온통 퍼져,1,3
2155,遍了整,온통,1,3
2156,了整个,전체 위로,1,3
2157,整个银,전체 실버,1,3
2158,个银河,个银河,1,3
2159,银河系,银河系,1,3
2160,在这团,이 그룹에서,1,3
2161,这团由,这团由,1,3
2162,团由上,투안 유 샹,1,3
2163,由上千,수천에서,1,3
2164,上千亿,上千亿,1,3
2165,千亿颗,千亿颗,1,3
2166,亿颗恒,亿颗恒,1,3
2167,颗恒星,별,1,3
2168,恒星组,恒星组,1,3
2169,星组成,별 구성,1,3
2170,组成的,组成的,1,3
2171,成的星,成的星,1,3
2172,的星云,성운,1,3
2173,星云中,星云中,1,3
2174,数不清,数不清,1,3
2175,不清的,不清的,1,3
2176,清的生,清的生,1,3
2177,的生命,的生命,1,3
2178,生命感,삶의 감각,1,3
2179,命感到,운명,1,3
2180,感到了,感到了,1,3
2181,到了一,도착,1,3
2182,了一种,了一种,1,3
2183,一种久,一种久,1,3
2184,种久已,种久已,1,3
2185,久已消,久已消,1,3
2186,已消失,사라졌다,1,3
2187,消失的,사라졌다,1,3
2188,失的温,失的温,1,3
2189,的温馨,的温馨,1,3
2190,温馨和,温馨和,1,3
2191,馨和宁,馨和宁,1,3
2192,和宁静,그리고 평온,1,3
2193,娃们抽,어린이 펌프,1,3
2194,们抽泣,们抽泣,1,3
2195,抽泣着,흐느껴 우는,1,3
2196,泣着背,泣着背,1,3
2197,着背了,뒤,1,3
2198,背了起,背了起,1,3
2199,了起来,了起来,1,3
2200,一个物,一个物,1,3
2201,个物体,个物体,1,3
2202,物体的,物体的,1,3
2203,体的加,신체 추가,1,3
2204,的加速,가속,1,3
2205,加速度,가속,1,3
2206,与它所,与它所,1,3
2207,它所受,고통,1,3
2208,所受的,소 受的,1,3
2209,受的力,受的力,1,3
2210,的力成,的力成,1,3
2211,力成正,리 청정,1,3
2212,成正比,成正比,1,3
2213,与它的,与它的,1,3
2214,它的质,품질,1,3
2215,的质量,품질,1,3
2216,质量成,质量成,1,3
2217,量成反,量成反,1,3
2218,成反比,成反比,1,3
2219,我们时间,我们时间,1,4
2220,们时间很,우리는 시간이 많다,1,4
2221,时间很紧,时间很紧,1,4
2222,间很紧了,间很紧了,1,4
2223,那从遥远,멀리에서왔다,1,4
2224,从遥远得,从遥远得,1,4
2225,遥远得无,멀리,1,4
2226,远得无法,너무 멀리,1,4
2227,得无法想,생각할 수 없다,1,4
2228,无法想象,无法想象,1,4
2229,法想象的,法想象的,1,4
2230,想象的太,상상도,1,4
2231,象的太古,Taikoo,1,4
2232,的太古时,的太古时,1,4
2233,太古时代,상대,1,4
2234,古时代传,상대,1,4
2235,时代传下,시간이 흘러,1,4
2236,代传下来,대대로 물려받은,1,4
2237,传下来的,传下来的,1,4
2238,下来的歌,다운 노래,1,4
2239,来的歌谣,발라드,1,4
2240,的歌谣听,듣기,1,4
2241,歌谣听起,歌谣听起,1,4
2242,谣听起来,谣听起来,1,4
2243,听起来悠,긴 소리,1,4
2244,起来悠远,起来悠远,1,4
2245,它传遍了,它传遍了,1,4
2246,传遍了整,传遍了整,1,4
2247,遍了整个,온통,1,4
2248,了整个银,전체 실버,1,4
2249,整个银河,은하 전체,1,4
2250,个银河系,은하수,1,4
2251,在这团由,이 그룹에서,1,4
2252,这团由上,이 그룹은 상단에서,1,4
2253,团由上千,수천 개의 그룹,1,4
2254,由上千亿,수 천억에서,1,4
2255,上千亿颗,수백억,1,4
2256,千亿颗恒,수십억 개의 상수,1,4
2257,亿颗恒星,10 억 개의 별,1,4
2258,颗恒星组,스타 그룹,1,4
2259,恒星组成,별 구성,1,4
2260,星组成的,별들로 만든,1,4
2261,组成的星,구성된 별,1,4
2262,成的星云,성운,1,4
2263,的星云中,的星云中,1,4
2264,数不清的,몇 不清的,1,4
2265,不清的生,불명확 한 삶,1,4
2266,清的生命,청의 삶,1,4
2267,的生命感,삶의 감각,1,4
2268,生命感到,삶의 느낌,1,4
2269,命感到了,命感到了,1,4
2270,感到了一,펠트,1,4
2271,到了一种,에,1,4
2272,了一种久,오랫동안,1,4
2273,一种久已,오랜만에,1,4
2274,种久已消,오래 전에,1,4
2275,久已消失,久已消失,1,4
2276,已消失的,사라졌다,1,4
2277,消失的温,소실 온도,1,4
2278,失的温馨,잃어버린 따뜻함,1,4
2279,的温馨和,따뜻함과,1,4
2280,温馨和宁,따뜻하고 평화로운,1,4
2281,馨和宁静,馨和宁静,1,4
2282,娃们抽泣,우는 아이들,1,4
2283,们抽泣着,우리는 울었다,1,4
2284,抽泣着背,다시 흐느끼며,1,4
2285,泣着背了,다시 울고,1,4
2286,着背了起,백업,1,4
2287,背了起来,백업,1,4
2288,一个物体,一个物体,1,4
2289,个物体的,목적,1,4
2290,物体的加,개체 추가,1,4
2291,体的加速,신체 가속,1,4
2292,的加速度,가속,1,4
2293,与它所受,그리고 그것은 고통받습니다,1,4
2294,它所受的,고통,1,4
2295,所受的力,소 受的 힘,1,4
2296,受的力成,힘,1,4
2297,的力成正,리 청정,1,4
2298,力成正比,힘은 비례,1,4
2299,与它的质,그리고 그 품질,1,4
2300,它的质量,품질,1,4
2301,的质量成,품질에,1,4
2302,质量成反,质量成反,1,4
2303,量成反比,量成反比,1,4
2304,我们时间很,우리는 시간이 많다,1,5
2305,们时间很紧,우리는 꽉,1,5
2306,时间很紧了,시간이 촉박하다,1,5
2307,那从遥远得,멀리에서왔다,1,5
2308,从遥远得无,멀리에서왔다,1,5
2309,遥远得无法,너무 멀리,1,5
2310,远得无法想,생각하기에 너무 멀다,1,5
2311,得无法想象,상상할 수 없는,1,5
2312,无法想象的,믿을 수 없는,1,5
2313,法想象的太,法想象的太,1,5
2314,想象的太古,想象的太古,1,5
2315,象的太古时,상대,1,5
2316,的太古时代,상대,1,5
2317,太古时代传,Taikoo 약력,1,5
2318,古时代传下,고대에 전해지는,1,5
2319,时代传下来,시간이 흘러,1,5
2320,代传下来的,대대로 물려받은,1,5
2321,传下来的歌,전해지는 노래,1,5
2322,下来的歌谣,다운 노래,1,5
2323,来的歌谣听,들으러 오세요,1,5
2324,的歌谣听起,발라드,1,5
2325,歌谣听起来,발라드 소리,1,5
2326,谣听起来悠,소문이 길다,1,5
2327,听起来悠远,멀리있는 소리,1,5
2328,它传遍了整,그것은 전체에 퍼졌다,1,5
2329,传遍了整个,널리 퍼 뜨리다,1,5
2330,遍了整个银,실버 온통,1,5
2331,了整个银河,은하 전체,1,5
2332,整个银河系,은하 전체,1,5
2333,在这团由上,이 그룹에서,1,5
2334,这团由上千,이 그룹은 수천 개의,1,5
2335,团由上千亿,수 천억 그룹화,1,5
2336,由上千亿颗,수 천억에서,1,5
2337,上千亿颗恒,수십억 개의 상수,1,5
2338,千亿颗恒星,수백억 개의 별,1,5
2339,亿颗恒星组,10 억 개의 별,1,5
2340,颗恒星组成,별 구성,1,5
2341,恒星组成的,별들로 만든,1,5
2342,星组成的星,별 만든 별,1,5
2343,组成的星云,성운,1,5
2344,成的星云中,성운에서,1,5
2345,数不清的生,수많은 삶,1,5
2346,不清的生命,불명확 한 삶,1,5
2347,清的生命感,명확한 삶의 감각,1,5
2348,的生命感到,삶의 느낌,1,5
2349,生命感到了,인생은 느꼈다,1,5
2350,命感到了一,운명,1,5
2351,感到了一种,펠트,1,5
2352,到了一种久,오랫동안,1,5
2353,了一种久已,오랜만에,1,5
2354,一种久已消,오래 잃어버린,1,5
2355,种久已消失,오래 전에,1,5
2356,久已消失的,오래 전에,1,5
2357,已消失的温,사라진 웬,1,5
2358,消失的温馨,사라진 온기,1,5
2359,失的温馨和,잃어버린 따뜻함과,1,5
2360,的温馨和宁,따뜻하고 평화로운,1,5
2361,温馨和宁静,따뜻하고 평화로운,1,5
2362,娃们抽泣着,아이들은 흐느끼며,1,5
2363,们抽泣着背,다시 흐느끼며,1,5
2364,抽泣着背了,다시 흐느끼며,1,5
2365,泣着背了起,흐느껴 우는,1,5
2366,着背了起来,백업,1,5
2367,一个物体的,개체의,1,5
2368,个物体的加,개체 추가,1,5
2369,物体的加速,물체의 가속,1,5
2370,体的加速度,신체 가속,1,5
2371,与它所受的,그리고 그것이 겪는 것,1,5
2372,它所受的力,받는 힘,1,5
2373,所受的力成,힘,1,5
2374,受的力成正,힘이 옳다,1,5
2375,的力成正比,비례,1,5
2376,与它的质量,그리고 그 품질,1,5
2377,它的质量成,품질,1,5
2378,的质量成反,품질,1,5
2379,质量成反比,품질은 반비례합니다.,1,5
2380,橡,참나무,1,1
2381,診,진단,1,1
2382,運閧,운,1,2
2383,橡嬬,오크,1,2
2384,骰,주사위,1,1
2385,然,물론이야,1,1
2386,宣,알리다,1,1
2387,宣告,알리다,1,2
2388,开,열다,1,1
2389,各,마다,1,1
2390,符,상징,1,1
2391,抛,던지다,1,1
2392,莉,리,1,1
2393,靡,기발한,1,1
2394,卫,가드,1,1
2395,规,규제,1,1
2396,飞,파리,1,1
2397,冻,얼다,1,1
2398,普,일반,1,1
2399,问,물어보기,1,1
2400,增,증가하다,1,1
2401,沟,도랑,1,1
2402,韦,웨이,1,1
2403,眩,핑,1,1
2404,嘌,퓨린,1,1
2405,克,그램,1,1
2406,派,보내다,1,1
2407,宋,노래,1,1
2408,晶,결정,1,1
2409,兴,싱,1,1
2410,凤,불사조,1,1
2411,少,적게,1,1
2412,椿,동백,1,1
2413,九,아홉,1,1
2414,树,나무,1,1
2415,药,약,1,1
2416,档,파일,1,1
2417,戴,입고,1,1
2418,唯,뿐,1,1
2419,详,상세한,1,1
2420,肋,늑골,1,1
2421,俭,무성한,1,1
2422,电,전기,1,1
2423,禄,루,1,1
2424,燕,Yan,1,1
2425,狱,감옥,1,1
2426,张,장,1,1
2427,炒,튀김,1,1
2428,先,먼저,1,1
2429,雨,비,1,1
2430,贵,비싼,1,1
2431,首,먼저,1,1
2432,蒋,치앙,1,1
2433,翟,디,1,1
2434,滓,침전물,1,1
2435,率,율,1,1
2436,耀,빛나는,1,1
2437,伽,伽,1,1
2438,迹,자취,1,1
2439,匀,제복,1,1
2440,咖,커피,1,1
2441,贝,껍질,1,1
2442,钨,텅스텐,1,1
2443,辑申,응용 프로그램 편집,1,2
2444,符抛,부적,1,2
2445,抛莉,Paoli,1,2
2446,靡卫,미 웨이,1,2
2447,卫申,웨이 션,1,2
2448,折飞,Zhefei,1,2
2449,飞冻,겨울 왕국,1,2
2450,待问,요청,1,2
2451,韦眩,韦眩,1,2
2452,挺宋,팅송,1,2
2453,宋晶,송 징,1,2
2454,注少,덜 참고,1,2
2455,少椿,Shaochun,1,2
2456,提树,멘션 트리,1,2
2457,档戴,파일 다이,1,2
2458,戴唯,다이 웨이,1,2
2459,邮肋,포스트 리브,1,2
2460,肋俭,절약,1,2
2461,禄燕,루 얀,1,2
2462,燕狱,얀 감옥,1,2
2463,贵成,구이 청,1,2
2464,幸蒋,싱 지앙,1,2
2465,蒋翟,지앙 디,1,2
2466,滓率,드롭률,1,2
2467,率耀,슈야 오,1,2
2468,迹匀,심지어 추적,1,2
2469,谷贝,고베,1,2
2470,贝钨,베이 퉁,1,2
2471,符抛莉,푸 파올리,1,3
2472,靡卫申,미 웨이 쉔,1,3
2473,折飞冻,냉동 비행,1,3
2474,挺宋晶,팅 송 징,1,3
2475,注少椿,주 샤오 춘,1,3
2476,档戴唯,다이 웨이,1,3
2477,邮肋俭,메일 비용,1,3
2478,禄燕狱,禄燕狱,1,3
2479,幸蒋翟,다행히 장디,1,3
2480,滓率耀,추 슈 야오,1,3
2481,谷贝钨,Cobb 텅스텐,1,3
2482,为,...에 대한,1,1
2483,么,뭐,1,1
2484,样,样,1,1
2485,斥,책망하다,1,1
2486,责,책임,1,1
2487,迷,부채,1,1
2488,咱,우리,1,1
2489,诉,불평,1,1
2490,吧,바,1,1
2491,课,수업,1,1
2492,讲,말하다,1,1
2493,道娃,Daova,1,2
2494,们是,그들은,1,2
2495,是在,있음,1,2
2496,在为,에 대한,1,2
2497,为他,그를 위해,1,2
2498,他烧,他烧,1,2
2499,香和,Xianghe,1,2
2500,和烧,와가 키,1,2
2501,烧纸,종이 굽기,1,2
2502,们以,们以,1,2
2503,前多,전에,1,2
2504,多次,자꾸,1,2
2505,次这,이 시간,1,2
2506,这么,그래서,1,2
2507,么干,해야 할 일,1,2
2508,干过,끝난,1,2
2509,只是,다만,1,2
2510,是这,이것은,1,2
2511,这次,이 시간,1,2
2512,他已,그는 가지고있다,1,2
2513,有力,有力,1,2
2514,力气,힘,1,2
2515,气象,기상,1,2
2516,前那,前那,1,2
2517,那样,그런 식으로,1,2
2518,样斥,样斥,1,2
2519,斥责,견책,1,2
2520,责他,그를 비난,1,2
2521,们迷,们迷,1,2
2522,迷信,미신,1,2
2523,信了,믿다,1,2
2524,咱们,우리,1,2
2525,们去,우리는 간다,1,2
2526,去村,마을로 이동,1,2
2527,村里,村里,1,2
2528,里告,리가 말했다,1,2
2529,告诉,텔,1,2
2530,诉大,诉大,1,2
2531,大人,성인,1,2
2532,人吧,사람들,1,2
2533,这最,이 가장,1,2
2534,后一,后一,1,2
2535,一课,一课,1,2
2536,课要,교훈,1,2
2537,要提,언급하다,1,2
2538,提前,提前,1,2
2539,前讲,前讲,1,2
2540,讲了,말했다,1,2
2541,知道娃,알아 아기,1,3
2542,道娃们,덥스,1,3
2543,娃们是,아이들은,1,3
2544,们是在,우리는,1,3
2545,是在为,입니다,1,3
2546,在为他,그를 위해,1,3
2547,为他烧,그를 위해 굽기,1,3
2548,他烧香,그는 향을 태운다,1,3
2549,烧香和,향을 태우고,1,3
2550,香和烧,향과 굽기,1,3
2551,和烧纸,그리고 탄 종이,1,3
2552,他们以,他们以,1,3
2553,们以前,우리는,1,3
2554,以前多,전에,1,3
2555,前多次,前多次,1,3
2556,多次这,이 여러 번,1,3
2557,次这么,이 시간,1,3
2558,这么干,这么干,1,3
2559,么干过,么干过,1,3
2560,只是这,딱 이것,1,3
2561,是这次,是这次,1,3
2562,他已没,他已没,1,3
2563,没有力,没有力,1,3
2564,有力气,有力气,1,3
2565,力气象,포스 날씨,1,3
2566,气象以,气象以,1,3
2567,象以前,象以前,1,3
2568,以前那,以前那,1,3
2569,前那样,이전과,1,3
2570,那样斥,那样斥,1,3
2571,样斥责,견책,1,3
2572,斥责他,斥责他,1,3
2573,责他们,责他们,1,3
2574,他们迷,그들은 팬,1,3
2575,们迷信,们迷信,1,3
2576,迷信了,迷信了,1,3
2577,咱们去,가자,1,3
2578,们去村,우리는 마을에 간다,1,3
2579,去村里,去村里,1,3
2580,村里告,村里告,1,3
2581,里告诉,텔,1,3
2582,告诉大,크게 말해,1,3
2583,诉大人,诉大人,1,3
2584,大人吧,大人吧,1,3
2585,这最后,이 마지막,1,3
2586,最后一,마지막,1,3
2587,后一课,다음 강의,1,3
2588,一课要,一课要,1,3
2589,课要提,课要提,1,3
2590,要提前,要提前,1,3
2591,提前讲,提前讲,1,3
2592,前讲了,전에 말하기,1,3
2593,他知道娃,他知道娃,1,4
2594,知道娃们,아이들을 알아라,1,4
2595,道娃们是,Daubes는,1,4
2596,娃们是在,娃们是在,1,4
2597,们是在为,们是在为,1,4
2598,是在为他,是在为他,1,4
2599,在为他烧,在为他烧,1,4
2600,为他烧香,为他烧香,1,4
2601,他烧香和,他烧香和,1,4
2602,烧香和烧,烧香和烧,1,4
2603,香和烧纸,香和烧纸,1,4
2604,他们以前,他们以前,1,4
2605,们以前多,们以前多,1,4
2606,以前多次,以前多次,1,4
2607,前多次这,前多次这,1,4
2608,多次这么,너무 여러 번,1,4
2609,次这么干,次这么干,1,4
2610,这么干过,这么干过,1,4
2611,只是这次,只是这次,1,4
2612,他已没有,그는 떠났다,1,4
2613,已没有力,已没有力,1,4
2614,没有力气,너무 피곤,1,4
2615,有力气象,有力气象,1,4
2616,力气象以,힘,1,4
2617,气象以前,날씨 전,1,4
2618,象以前那,예전처럼,1,4
2619,以前那样,이전과,1,4
2620,前那样斥,前那样斥,1,4
2621,那样斥责,那样斥责,1,4
2622,样斥责他,그를 책망했다,1,4
2623,斥责他们,꾸짖어,1,4
2624,责他们迷,责他们迷,1,4
2625,他们迷信,他们迷信,1,4
2626,们迷信了,们迷信了,1,4
2627,咱们去村,咱们去村,1,4
2628,们去村里,마을로 이동,1,4
2629,去村里告,去村里告,1,4
2630,村里告诉,마을에서 말해,1,4
2631,里告诉大,큰 말,1,4
2632,告诉大人,告诉大人,1,4
2633,诉大人吧,당신의 주님 께,1,4
2634,这最后一,这最后一,1,4
2635,最后一课,最后一课,1,4
2636,后一课要,后一课要,1,4
2637,一课要提,一课要提,1,4
2638,课要提前,课要提前,1,4
2639,要提前讲,미리 말하십시오,1,4
2640,提前讲了,미리 이야기,1,4
2641,他知道娃们,他知道娃们,1,5
2642,知道娃们是,知道娃们是,1,5
2643,道娃们是在,道娃们是在,1,5
2644,娃们是在为,아이들은,1,5
2645,们是在为他,우리는 그를위한 것입니다,1,5
2646,是在为他烧,是在为他烧,1,5
2647,在为他烧香,在为他烧香,1,5
2648,为他烧香和,그를 위해 향을 태우십시오.,1,5
2649,他烧香和烧,他烧香和烧,1,5
2650,烧香和烧纸,烧香和烧纸,1,5
2651,他们以前多,他们以前多,1,5
2652,们以前多次,们以前多次,1,5
2653,以前多次这,이 전에 여러 번,1,5
2654,前多次这么,前多次这么,1,5
2655,多次这么干,多次这么干,1,5
2656,次这么干过,次这么干过,1,5
2657,他已没有力,他已没有力,1,5
2658,已没有力气,已没有力气,1,5
2659,没有力气象,무력,1,5
2660,有力气象以,有力气象以,1,5
2661,力气象以前,전에,1,5
2662,气象以前那,气象以前那,1,5
2663,象以前那样,이전과,1,5
2664,以前那样斥,전에,1,5
2665,前那样斥责,前那样斥责,1,5
2666,那样斥责他,그를 그렇게 꾸짖어,1,5
2667,样斥责他们,그들을 책망,1,5
2668,斥责他们迷,斥责他们迷,1,5
2669,责他们迷信,미신 때문에 그들을 비난하십시오,1,5
2670,他们迷信了,그들은 미신적이다,1,5
2671,咱们去村里,咱们去村里,1,5
2672,们去村里告,마을로 가서,1,5
2673,去村里告诉,마을에 가서 말해,1,5
2674,村里告诉大,村里告诉大,1,5
2675,里告诉大人,어른들에게,1,5
2676,告诉大人吧,어른에게 말해,1,5
2677,这最后一课,这最后一课,1,5
2678,最后一课要,最后一课要,1,5
2679,后一课要提,后一课要提,1,5
2680,一课要提前,미리 수업,1,5
2681,课要提前讲,课要提前讲,1,5
2682,要提前讲了,要提前讲了,1,5
2683,案,케이스,1,1
2684,弱,弱,1,1
2685,氷,얼음,1,1
2686,別,別,1,1
2687,熱,熱,1,1
2688,貯,저장,1,1
2689,心,心,1,1
2690,貨,상품,1,1
2691,浴,목욕,1,1
2692,故,故,1,1
2693,全,모두,1,1
2694,幾,幾,1,1
2695,填,가득 따르다,1,1
2696,今,지금,1,1
2697,艸,艸,1,1
2698,場,들,1,1
2699,旨,취지,1,1
2700,最五,最五,1,2
2701,鶴箆,鶴箆,1,2
2702,箆簡,箆 Jian,1,2
2703,誇填,과장,1,2
2704,場合,경우,1,2
2705,鵜閧,鵜閧,1,2
2706,鶴箆簡,크레인 슬립,1,3
2707,箆簡単,주걱 쉽게,1,3
2708,鶴箆簡単,鶴箆 쉽게,1,4
2709,奇,奇,1,1
2710,炸,炸,1,1
2711,弹,폭탄,1,1
2712,脱,脱,1,1
2713,执,기다려,1,1
2714,政,정치,1,1
2715,官,공무원,1,1
2716,智,지혜,1,1
2717,场,들,1,1
2718,剧,드라마,1,1
2719,闪,闪,1,1
2720,动,움직임,1,1
2721,令,하다,1,1
2722,蓝,푸른,1,1
2723,号,번호,1,1
2724,工,작업,1,1
2725,回,回,1,1
2726,同,와,1,1
2727,岁,세,1,1
2728,二,二,1,1
2729,蛋,蛋,1,1
2730,虽,이기는 하지만,1,1
2731,识,识,1,1
2732,字,워드,1,1
2733,脑,뇌,1,1
2734,户,户,1,1
2735,洗,빨래,1,1
2736,油,기름,1,1
2737,烟,연기,1,1
2738,机,기계,1,1
2739,竟,사실은,1,1
2740,万,만,1,1
2741,分,분,1,1
2742,稀,묽게 한,1,1
2743,薄,얇은,1,1
2744,具,具,1,1
2745,极,폴,1,1
2746,杀,죽임,1,1
2747,伤,상처,1,1
2748,立,일어나,1,1
2749,刻,刻,1,1
2750,变,변화,1,1
2751,剌,찰싹,1,1
2752,球,공,1,1
2753,仍,아직도,1,1
2754,奋,격렬한,1,1
2755,冲,돌진,1,1
2756,奇点,특이점,1,2
2757,点炸,튀김 주문,1,2
2758,炸弹,폭탄,1,2
2759,弹转,되튐,1,2
2760,转向,로 전환,1,2
2761,脱离,이탈,1,2
2762,离目,눈꺼풀,1,2
2763,最高,제일 높은,1,2
2764,高执,가오 지,1,2
2765,执政,힘에서,1,2
2766,政官,정관,1,2
2767,官的,관으로,1,2
2768,的智,지혜,1,2
2769,智能,지적인,1,2
2770,能场,에너지 분야,1,2
2771,场急,돌진,1,2
2772,急剧,날카로운,1,2
2773,剧闪,드라마 플래시,1,2
2774,闪动,플래시,1,2
2775,动着,움직이는,1,2
2776,用最,용 맨,1,2
2777,最大,최고,1,2
2778,的能,的能,1,2
2779,能量,에너지,1,2
2780,量把,법안,1,2
2781,把命,把命,1,2
2782,命令,명령,1,2
2783,令通,링통,1,2
2784,间传,전달,1,2
2785,传送,보내다,1,2
2786,到蓝,파란색으로,1,2
2787,号舰,배,1,2
2788,舰上,기내,1,2
2789,但后,그러나 이후에,1,2
2790,后来,后来,1,2
2791,村子,마을,1,2
2792,子里,질리,1,2
2793,里一,里一,1,2
2794,些出,일부 아웃,1,2
2795,出去,나가,1,2
2796,去打,싸워라,1,2
2797,打工,아르바이트,1,2
2798,工的,일,1,2
2799,的人,사람들,1,2
2800,人赚,사람들은 적립,1,2
2801,赚了,돈을 벌다,1,2
2802,了些,약간,1,2
2803,些钱,돈,1,2
2804,钱回,환불,1,2
2805,回来,돌아와,1,2
2806,和他,그와 함께,1,2
2807,他同,다른 동,1,2
2808,同岁,동갑,1,2
2809,岁的,세,1,2
2810,的二,둘 중,1,2
2811,二蛋,계란 2 개,1,2
2812,蛋虽,계란,1,2
2813,虽不,아니지만,1,2
2814,不识,모른다,1,2
2815,识字,문해력,1,2
2816,字但,하지만,1,2
2817,但脑,하지만 뇌,1,2
2818,脑子,뇌,1,2
2819,子活,子活,1,2
2820,去城,마을로 이동,1,2
2821,城里,城里,1,2
2822,里干,Ligan,1,2
2823,干起,건조,1,2
2824,了挨,了挨,1,2
2825,挨家,집집마다,1,2
2826,家挨,집 가까이,1,2
2827,挨户,집집마다,1,2
2828,户清,따오기,1,2
2829,清洗,청소,1,2
2830,洗抽,빨래,1,2
2831,抽油,오일 펌핑,1,2
2832,油烟,검댕,1,2
2833,烟机,후드,1,2
2834,机的,기계,1,2
2835,的活,的活,1,2
2836,活儿,작업,1,2
2837,一年,1 년,1,2
2838,年下,내년,1,2
2839,来竟,따라와,1,2
2840,竟能,사실은,1,2
2841,能赚,적립 가능,1,2
2842,赚个,적립,1,2
2843,个万,만,1,2
2844,万把,백만,1,2
2845,把块,블록 넣어,1,2
2846,反物,원단,1,2
2847,物质,물질,1,2
2848,质云,质云,1,2
2849,云十,윤주,1,2
2850,十分,대단히,1,2
2851,分稀,分稀,1,2
2852,稀薄,얇은,1,2
2853,但对,하지만 맞아,1,2
2854,对战,싸움,1,2
2855,舰具,배,1,2
2856,具有,있다,1,2
2857,有极,매우,1,2
2858,极大,큰,1,2
2859,的杀,죽임,1,2
2860,杀伤,죽임,1,2
2861,伤力,상해,1,2
2862,邦的,상태,1,2
2863,的战,전쟁,1,2
2864,舰立,선박 스탠드,1,2
2865,立刻,바로,1,2
2866,刻变,변화,1,2
2867,变成,지다,1,2
2868,成一,청이,1,2
2869,个个,모두,1,2
2870,个剌,ㅏ,1,2
2871,剌目,찌르다,1,2
2872,的火,으로 불,1,2
2873,火球,화구,1,2
2874,但它,하지만 그것은,1,2
2875,它们,그들,1,2
2876,们仍,우리는 여전히,1,2
2877,仍向,여전히,1,2
2878,向奋,앞으로,1,2
2879,奋勇,용기 있는,1,2
2880,勇冲,용총,1,2
2881,冲向,향해 러쉬,1,2
2882,向目,Xiangmu,1,2
2883,奇点炸,특이점 프라이드,1,3
2884,点炸弹,포인트 폭탄,1,3
2885,炸弹转,폭탄 회전,1,3
2886,弹转向,되튐,1,3
2887,脱离目,출발,1,3
2888,离目标,오프 타겟,1,3
2889,最高执,최고,1,3
2890,高执政,Gao Zhizheng,1,3
2891,执政官,집정관,1,3
2892,政官的,정관으로,1,3
2893,官的智,공식적인 지혜,1,3
2894,的智能,지능,1,3
2895,智能场,스마트 필드,1,3
2896,能场急,노 필드,1,3
2897,场急剧,날카로운,1,3
2898,急剧闪,날카로운 플래시,1,3
2899,剧闪动,드라마 플래시,1,3
2900,闪动着,섬광,1,3
2901,用最大,가장 큰 것을 사용하십시오,1,3
2902,最大的,가장 큰,1,3
2903,大的能,대적인 기능,1,3
2904,的能量,에너지,1,3
2905,能量把,에너지 바,1,3
2906,量把命,수명 측정,1,3
2907,把命令,명령 입력,1,3
2908,命令通,커맨드 패스,1,3
2909,令通过,주문 통과,1,3
2910,空间传,우주 전송,1,3
2911,间传送,사이 전송,1,3
2912,传送到,보내기,1,3
2913,送到蓝,파란색으로 보내기,1,3
2914,号舰上,배에서,1,3
2915,但后来,하지만,1,3
2916,村子里,마을에,1,3
2917,子里一,Ziliyi,1,3
2918,里一些,일부,1,3
2919,一些出,일부 아웃,1,3
2920,些出去,일부는 외출,1,3
2921,出去打,出去打,1,3
2922,去打工,일하러 가다,1,3
2923,打工的,노동자,1,3
2924,工的人,노동자,1,3
2925,的人赚,的人赚,1,3
2926,人赚了,얻은 사람,1,3
2927,赚了些,赚了些,1,3
2928,了些钱,돈,1,3
2929,些钱回,일부 환불,1,3
2930,钱回来,钱回来,1,3
2931,和他同,그와 함께,1,3
2932,他同岁,그는 같은 나이입니다,1,3
2933,同岁的,같은 나이,1,3
2934,岁的二,두 살,1,3
2935,的二蛋,두 번째 계란,1,3
2936,二蛋虽,에르 단,1,3
2937,蛋虽不,계란은 아니지만,1,3
2938,虽不识,모르겠다,1,3
2939,不识字,읽고 쓸 줄 모르는,1,3
2940,识字但,글을 쓰지만,1,3
2941,字但脑,말이지 만 뇌,1,3
2942,但脑子,하지만 뇌,1,3
2943,脑子活,살아있는 두뇌,1,3
2944,去城里,去城里,1,3
2945,城里干,도시에서 건조,1,3
2946,里干起,건조,1,3
2947,干起了,干起了,1,3
2948,起了挨,일어나,1,3
2949,了挨家,了挨家,1,3
2950,挨家挨,집집마다,1,3
2951,家挨户,집집마다,1,3
2952,挨户清,도어 투 도어 클리어런스,1,3
2953,户清洗,가정용 청소,1,3
2954,清洗抽,청소 펌프,1,3
2955,洗抽油,오일 세척,1,3
2956,抽油烟,검댕,1,3
2957,油烟机,레인지 후드,1,3
2958,烟机的,烟机的,1,3
2959,机的活,기계,1,3
2960,的活儿,작업,1,3
2961,一年下,1 년 미만,1,3
2962,年下来,년 다운,1,3
2963,下来竟,下来竟,1,3
2964,来竟能,来竟能,1,3
2965,竟能赚,竟能赚,1,3
2966,能赚个,能赚个,1,3
2967,赚个万,만 벌,1,3
2968,个万把,만,1,3
2969,万把块,백만 조각,1,3
2970,反物质,반물질,1,3
2971,物质云,머티리얼 클라우드,1,3
2972,质云十,퀄리티 클라우드 텐,1,3
2973,云十分,윤 스펀,1,3
2974,十分稀,충분히 희소,1,3
2975,分稀薄,얇은,1,3
2976,但对战,但对战,1,3
2977,对战舰,전함,1,3
2978,战舰具,군함 장비,1,3
2979,舰具有,선박은,1,3
2980,具有极,具有极,1,3
2981,有极大,큰,1,3
2982,极大的,매우 크다,1,3
2983,大的杀,大的杀,1,3
2984,的杀伤,的杀伤,1,3
2985,杀伤力,杀伤力,1,3
2986,联邦的,연방,1,3
2987,邦的战,국가 전쟁,1,3
2988,的战舰,전함,1,3
2989,战舰立,전함 스탠드,1,3
2990,舰立刻,즉시 배송,1,3
2991,立刻变,立刻变,1,3
2992,刻变成,刻变成,1,3
2993,变成一,하나가,1,3
2994,成一个,成一个,1,3
2995,一个个,一个个,1,3
2996,个个剌,각자 모두,1,3
2997,个剌目,个剌目,1,3
2998,剌目的,표적,1,3
2999,目的火,目的火,1,3
3000,的火球,화구,1,3
3001,但它们,그러나 그들은,1,3
3002,它们仍,그들은 여전히,1,3
3003,们仍向,们仍向,1,3
3004,仍向奋,仍向奋,1,3
3005,向奋勇,向奋勇,1,3
3006,奋勇冲,용감하게,1,3
3007,勇冲向,勇冲向,1,3
3008,冲向目,눈에 돌진,1,3
3009,向目标,向目标,1,3
3010,奇点炸弹,특이점 폭탄,1,4
3011,点炸弹转,포인트 폭탄,1,4
3012,炸弹转向,폭탄 조종,1,4
3013,脱离目标,오프 타겟,1,4
3014,最高执政,最高执政,1,4
3015,高执政官,高执政官,1,4
3016,执政官的,집정관,1,4
3017,政官的智,정치인의 지혜,1,4
3018,官的智能,공식 정보,1,4
3019,的智能场,스마트 필드,1,4
3020,智能场急,智能场急,1,4
3021,能场急剧,能场急剧,1,4
3022,场急剧闪,场急剧闪,1,4
3023,急剧闪动,急剧闪动,1,4
3024,剧闪动着,剧闪动着,1,4
3025,用最大的,가장 큰 것을 사용하십시오,1,4
3026,最大的能,최대 에너지,1,4
3027,大的能量,大的能量,1,4
3028,的能量把,에너지,1,4
3029,能量把命,能量把命,1,4
3030,量把命令,量把命令,1,4
3031,把命令通,명령 전달,1,4
3032,命令通过,命令通过,1,4
3033,令通过超,슈퍼 통과하자,1,4
3034,超空间传,超空间传,1,4
3035,空间传送,공간 이동,1,4
3036,间传送到,间传送到,1,4
3037,传送到蓝,传送到蓝,1,4
3038,村子里一,村子里一,1,4
3039,子里一些,子里一些,1,4
3040,里一些出,里一些出,1,4
3041,一些出去,一些出去,1,4
3042,些出去打,些出去打,1,4
3043,出去打工,출근,1,4
3044,去打工的,일하다,1,4
3045,打工的人,아르바이트,1,4
3046,工的人赚,工的人赚,1,4
3047,的人赚了,的人赚了,1,4
3048,人赚了些,人赚了些,1,4
3049,赚了些钱,돈을 벌다,1,4
3050,了些钱回,了些钱回,1,4
3051,些钱回来,일부 환불,1,4
3052,和他同岁,그와 같은 나이,1,4
3053,他同岁的,他同岁的,1,4
3054,同岁的二,同岁的二,1,4
3055,岁的二蛋,岁的二蛋,1,4
3056,的二蛋虽,的二蛋虽,1,4
3057,二蛋虽不,두 번째 계란은 아니지만,1,4
3058,蛋虽不识,蛋虽不识,1,4
3059,虽不识字,虽不识字,1,4
3060,不识字但,不识字但,1,4
3061,识字但脑,문맹하지만 두뇌,1,4
3062,字但脑子,字但脑子,1,4
3063,但脑子活,但脑子活,1,4
3064,去城里干,去城里干,1,4
3065,城里干起,도시에서 건조,1,4
3066,里干起了,里干起了,1,4
3067,干起了挨,건조,1,4
3068,起了挨家,起了挨家,1,4
3069,了挨家挨,了挨家挨,1,4
3070,挨家挨户,挨家挨户,1,4
3071,家挨户清,하우스 투 하우스,1,4
3072,挨户清洗,挨户清洗,1,4
3073,户清洗抽,户清洗抽,1,4
3074,清洗抽油,清洗抽油,1,4
3075,洗抽油烟,洗抽油烟,1,4
3076,抽油烟机,레인지 후드,1,4
3077,油烟机的,油烟机的,1,4
3078,烟机的活,후드,1,4
3079,机的活儿,机的活儿,1,4
3080,一年下来,一年下来,1,4
3081,年下来竟,년 다운,1,4
3082,下来竟能,下来竟能,1,4
3083,来竟能赚,来竟能赚,1,4
3084,竟能赚个,竟能赚个,1,4
3085,能赚个万,能赚个万,1,4
3086,赚个万把,백만 벌,1,4
3087,个万把块,个万把块,1,4
3088,反物质云,반물질 구름,1,4
3089,物质云十,物质云十,1,4
3090,质云十分,품질 클라우드는 매우,1,4
3091,云十分稀,구름은 매우 드물다,1,4
3092,十分稀薄,매우 날씬하다,1,4
3093,但对战舰,但对战舰,1,4
3094,对战舰具,전함 장비,1,4
3095,战舰具有,战舰具有,1,4
3096,舰具有极,舰具有极,1,4
3097,具有极大,훌륭하다,1,4
3098,有极大的,有极大的,1,4
3099,极大的杀,极大的杀,1,4
3100,大的杀伤,빅 킬,1,4
3101,的杀伤力,的杀伤力,1,4
3102,基联邦的,基联邦的,1,4
3103,联邦的战,联邦的战,1,4
3104,邦的战舰,군함,1,4
3105,的战舰立,군함 스탠드,1,4
3106,战舰立刻,战舰立刻,1,4
3107,舰立刻变,배가 즉시 변경되었습니다.,1,4
3108,立刻变成,立刻变成,1,4
3109,刻变成一,하나로 변신,1,4
3110,变成一个,되기,1,4
3111,成一个个,하나로,1,4
3112,一个个剌,一个个剌,1,4
3113,个个剌目,个个剌目,1,4
3114,个剌目的,个剌目的,1,4
3115,剌目的火,표적 발사,1,4
3116,目的火球,목표 불 덩어리,1,4
3117,但它们仍,하지만 그들은 여전히,1,4
3118,它们仍向,그들은 여전히,1,4
3119,们仍向奋,우리는 여전히 노력하고 있습니다,1,4
3120,仍向奋勇,仍向奋勇,1,4
3121,向奋勇冲,향해 러쉬,1,4
3122,奋勇冲向,奋勇冲向,1,4
3123,勇冲向目,용감하게 눈에 돌진,1,4
3124,冲向目标,목표를 향해,1,4
3125,奇点炸弹转,특이점 폭탄 회전,1,5
3126,点炸弹转向,포인트 폭탄 스티어링,1,5
3127,最高执政官,최고 영사,1,5
3128,高执政官的,하이 아콘,1,5
3129,执政官的智,집정관의 지혜,1,5
3130,政官的智能,政官的智能,1,5
3131,官的智能场,官的智能场,1,5
3132,的智能场急,的智能场急,1,5
3133,智能场急剧,스마트 필드 샤프,1,5
3134,能场急剧闪,에너지 필드가 급격히 깜박입니다.,1,5
3135,场急剧闪动,场急剧闪动,1,5
3136,急剧闪动着,선명하게 깜박임,1,5
3137,用最大的能,用最大的能,1,5
3138,最大的能量,최대 에너지,1,5
3139,大的能量把,큰 에너지,1,5
3140,的能量把命,생명의 에너지,1,5
3141,能量把命令,에너지 명령,1,5
3142,量把命令通,측정 명령,1,5
3143,把命令通过,명령 전달,1,5
3144,命令通过超,명령을 통과했습니다.,1,5
3145,令通过超空,슈퍼 스페이스,1,5
3146,过超空间传,초 공간 전송,1,5
3147,超空间传送,초 공간 전송,1,5
3148,空间传送到,空间传送到,1,5
3149,间传送到蓝,파란색으로 순간 이동,1,5
3150,村子里一些,마을의 일부,1,5
3151,子里一些出,일부 아웃,1,5
3152,里一些出去,일부 아웃,1,5
3153,一些出去打,몇몇은 싸우러 나간다,1,5
3154,些出去打工,일부는 출근,1,5
3155,出去打工的,출근,1,5
3156,去打工的人,일하러가는 사람들,1,5
3157,打工的人赚,시간제 근로자의 수입,1,5
3158,工的人赚了,노동자들은,1,5
3159,的人赚了些,사람들은 일부를 벌어,1,5
3160,人赚了些钱,사람들은 돈을 벌었 다,1,5
3161,赚了些钱回,赚了些钱回,1,5
3162,了些钱回来,돈을 돌려 받았어,1,5
3163,和他同岁的,그의 나이,1,5
3164,他同岁的二,그의 2 살,1,5
3165,同岁的二蛋,같은 나이의 두 알,1,5
3166,岁的二蛋虽,두 번째 계란이,1,5
3167,的二蛋虽不,두 번째 계란은 아니지만,1,5
3168,二蛋虽不识,두 번째 계란은 몰라도,1,5
3169,蛋虽不识字,달걀은 문맹이지만,1,5
3170,虽不识字但,문맹이지만,1,5
3171,不识字但脑,문맹이지만 뇌,1,5
3172,识字但脑子,문맹하지만 두뇌,1,5
3173,字但脑子活,살아있는 말,1,5
3174,去城里干起,마을로 이동,1,5
3175,城里干起了,도시에서 일,1,5
3176,里干起了挨,일어나,1,5
3177,干起了挨家,집에서 집으로 작업,1,5
3178,起了挨家挨,집에서 집으로,1,5
3179,了挨家挨户,집집마다,1,5
3180,挨家挨户清,방문 청소,1,5
3181,家挨户清洗,집집 청소,1,5
3182,挨户清洗抽,방문 청소,1,5
3183,户清洗抽油,가정용 청소 펌핑,1,5
3184,清洗抽油烟,오일 흄 청소,1,5
3185,洗抽油烟机,세척 범위 후드,1,5
3186,抽油烟机的,레인지 후드,1,5
3187,油烟机的活,레인지 후드의 작업,1,5
3188,烟机的活儿,후드 작업,1,5
3189,一年下来竟,1 년 후,1,5
3190,年下来竟能,년 다운,1,5
3191,下来竟能赚,돈을 벌다,1,5
3192,来竟能赚个,나는 이익을 얻을 수있다,1,5
3193,竟能赚个万,백만 달러를 벌 수 있습니다,1,5
3194,能赚个万把,백만 달러를 벌 수 있습니다,1,5
3195,赚个万把块,백만 위안 만들기,1,5
3196,反物质云十,반물질 클라우드 텐,1,5
3197,物质云十分,머티리얼 클라우드는 매우,1,5
3198,质云十分稀,대량 구름은 매우 드뭅니다,1,5
3199,云十分稀薄,구름은 매우 얇습니다,1,5
3200,但对战舰具,하지만 전함,1,5
3201,对战舰具有,전함은,1,5
3202,战舰具有极,군함은 극단적입니다,1,5
3203,舰具有极大,배는 훌륭하다,1,5
3204,具有极大的,훌륭하다,1,5
3205,有极大的杀,대단한 살인,1,5
3206,极大的杀伤,큰 피해,1,5
3207,大的杀伤力,큰 치사율,1,5
3208,碳基联邦的,탄소 기반 연맹,1,5
3209,基联邦的战,시민권 전쟁,1,5
3210,联邦的战舰,동맹 전함,1,5
3211,邦的战舰立,국가 전함,1,5
3212,的战舰立刻,즉시 전함,1,5
3213,战舰立刻变,전함이 즉시 변경됩니다.,1,5
3214,舰立刻变成,배는 즉시됩니다,1,5
3215,立刻变成一,즉시 하나가됩니다,1,5
3216,刻变成一个,로 변신,1,5
3217,变成一个个,하나가되어,1,5
3218,成一个个剌,하나씩,1,5
3219,一个个剌目,하나씩,1,5
3220,个个剌目的,각 목적,1,5
3221,个剌目的火,개인 화재,1,5
3222,剌目的火球,화구,1,5
3223,但它们仍向,하지만 그들은 여전히,1,5
3224,它们仍向奋,그들은 여전히 ​​노력하고 있습니다,1,5
3225,们仍向奋勇,우리는 여전히,1,5
3226,仍向奋勇冲,여전히 달려가,1,5
3227,向奋勇冲向,향해 러쉬,1,5
3228,奋勇冲向目,용감하게 눈에 돌진,1,5
3229,勇冲向目标,목표를 향해 용감하게 돌진,1,5
